nohup: ignoring input
=== phase 1: timing probe ===
$ /usr/pkg/bin/python3.12 /vol/bennylin-solar/New/PACT/RL/pact/train_tetris_rl.py --config /vol/bennylin-solar/New/PACT/RL/configs/server_2x40gb_rl.json --max-steps 2 --batch-size 1 --eval-every 0 --save-every 0 --output-dir /vol/bennylin-solar/New/PACT/RL/runs/_probe
[20:41:46] loading config from /vol/bennylin-solar/New/PACT/RL/configs/server_2x40gb_rl.json ...
[20:41:52] loading base model (Qwen/Qwen3.5-9B, dtype=bfloat16, device_map=auto, 4bit=False) ...
Warning: You are sending unauthenticated requests to the HF Hub. Please set a HF_TOKEN to enable higher rate limits and faster downloads.
Fetching 4 files:   0%|          | 0/4 [00:00<?, ?it/s]Fetching 4 files: 100%|██████████| 4/4 [00:00<00:00, 20535.15it/s]
[transformers] The fast path is not available because one of the required library is not installed. Falling back to torch implementation. To install follow https://github.com/fla-org/flash-linear-attention#installation and https://github.com/Dao-AILab/causal-conv1d
Loading weights:   0%|          | 0/427 [00:00<?, ?it/s]Loading weights:  10%|▉         | 42/427 [00:00<00:00, 407.18it/s]Loading weights:  24%|██▍       | 104/427 [00:00<00:00, 530.05it/s]Loading weights:  40%|████      | 172/427 [00:00<00:00, 582.63it/s]Loading weights:  56%|█████▋    | 241/427 [00:00<00:00, 613.31it/s]Loading weights:  72%|███████▏  | 308/427 [00:00<00:00, 623.07it/s]Loading weights:  87%|████████▋ | 372/427 [00:00<00:00, 625.04it/s]Loading weights: 100%|██████████| 427/427 [00:00<00:00, 607.38it/s]
[20:41:54] [model] loaded Qwen/Qwen3.5-9B with AutoModelForCausalLM
[20:41:55] model ready in 8.8s; 29,097,984 trainable params
[20:41:55] starting at step 0, target 2 step(s), batch size 1, eval every 0, save every 0
[20:41:57] step 1/2: loss=0.1350 grad_norm=8.055 top_pick_rate=1.00 mean_advantage=+0.147 (1.9s, 1.9s/move)
[20:41:58] step 2/2: loss=0.0602 grad_norm=4.631 top_pick_rate=0.00 mean_advantage=+0.039 (0.9s, 0.9s/move)
[20:42:03] saved checkpoint: /vol/bennylin-solar/New/PACT/RL/runs/_probe/step-2 (and latest/)
[20:42:03] stopped at step 2. total wall clock: 16.8s

probe: step 1 = 1.9s/move, step 2 = 0.9s/move (using step 2 as the estimate)
picking --batch-size 32 (~29s/step at this speed)

=== phase 2: full run ===
$ /usr/pkg/bin/python3.12 /vol/bennylin-solar/New/PACT/RL/pact/train_tetris_rl.py --config /vol/bennylin-solar/New/PACT/RL/configs/server_2x40gb_rl.json --max-steps 2000 --batch-size 32 --eval-every 50 --eval-games 5 --save-every 50 --output-dir /vol/bennylin-solar/New/PACT/RL/runs/tetris-rl
[20:42:05] loading config from /vol/bennylin-solar/New/PACT/RL/configs/server_2x40gb_rl.json ...
[20:42:10] loading base model (Qwen/Qwen3.5-9B, dtype=bfloat16, device_map=auto, 4bit=False) ...
Warning: You are sending unauthenticated requests to the HF Hub. Please set a HF_TOKEN to enable higher rate limits and faster downloads.
Fetching 4 files:   0%|          | 0/4 [00:00<?, ?it/s]Fetching 4 files: 100%|██████████| 4/4 [00:00<00:00, 86480.49it/s]
[transformers] The fast path is not available because one of the required library is not installed. Falling back to torch implementation. To install follow https://github.com/fla-org/flash-linear-attention#installation and https://github.com/Dao-AILab/causal-conv1d
Loading weights:   0%|          | 0/427 [00:00<?, ?it/s]Loading weights:  10%|▉         | 42/427 [00:00<00:00, 409.21it/s]Loading weights:  24%|██▍       | 102/427 [00:00<00:00, 519.90it/s]Loading weights:  41%|████      | 173/427 [00:00<00:00, 596.84it/s]Loading weights:  56%|█████▌    | 240/427 [00:00<00:00, 617.38it/s]Loading weights:  72%|███████▏  | 307/427 [00:00<00:00, 626.94it/s]Loading weights:  87%|████████▋ | 370/427 [00:00<00:00, 621.06it/s]Loading weights: 100%|██████████| 427/427 [00:00<00:00, 607.71it/s]
[20:42:12] [model] loaded Qwen/Qwen3.5-9B with AutoModelForCausalLM
[20:42:12] model ready in 7.5s; 29,097,984 trainable params
[20:42:12] starting at step 0, target 2000 step(s), batch size 32, eval every 50, save every 50
[20:42:47] step 1/2000: loss=0.3354 grad_norm=56.974 top_pick_rate=0.19 mean_advantage=+0.426 (34.9s, 1.1s/move)
[20:43:21] step 2/2000: loss=0.0678 grad_norm=21.417 top_pick_rate=0.12 mean_advantage=+0.010 (33.7s, 1.1s/move)
[20:43:55] step 3/2000: loss=9577.8442 grad_norm=948654.750 top_pick_rate=0.31 mean_advantage=+39057.982 (33.5s, 1.0s/move)
[20:44:28] step 4/2000: loss=5732.4795 grad_norm=752612.812 top_pick_rate=0.22 mean_advantage=+20830.981 (33.4s, 1.0s/move)
[20:45:01] step 5/2000: loss=0.2051 grad_norm=32.367 top_pick_rate=0.28 mean_advantage=+0.260 (33.1s, 1.0s/move)
[20:45:36] step 6/2000: loss=-14860.9598 grad_norm=1161959.500 top_pick_rate=0.12 mean_advantage=-10415.783 (34.4s, 1.1s/move)
[20:46:10] step 7/2000: loss=-0.0450 grad_norm=51.140 top_pick_rate=0.19 mean_advantage=+0.292 (34.5s, 1.1s/move)
[20:46:43] step 8/2000: loss=11621.2528 grad_norm=1119605.875 top_pick_rate=0.47 mean_advantage=+45828.836 (33.0s, 1.0s/move)
[20:47:17] step 9/2000: loss=1.0266 grad_norm=75.476 top_pick_rate=0.44 mean_advantage=+1.416 (33.8s, 1.1s/move)
[20:47:51] step 10/2000: loss=4117.6800 grad_norm=436819.938 top_pick_rate=0.47 mean_advantage=+23436.294 (33.9s, 1.1s/move)
[20:48:25] step 11/2000: loss=-0.0761 grad_norm=73.673 top_pick_rate=0.59 mean_advantage=+1.151 (33.8s, 1.1s/move)
[20:49:05] step 12/2000: loss=0.9101 grad_norm=61.397 top_pick_rate=0.62 mean_advantage=+2.418 (40.4s, 1.3s/move)
[20:49:51] step 13/2000: loss=0.2560 grad_norm=61.776 top_pick_rate=0.69 mean_advantage=+2.221 (46.1s, 1.4s/move)
[20:50:36] step 14/2000: loss=5708.7077 grad_norm=790554.500 top_pick_rate=0.84 mean_advantage=+40622.409 (44.6s, 1.4s/move)
[20:51:09] step 15/2000: loss=0.1734 grad_norm=33.769 top_pick_rate=0.78 mean_advantage=+2.204 (33.6s, 1.0s/move)
[20:51:43] step 16/2000: loss=0.4555 grad_norm=19.105 top_pick_rate=0.88 mean_advantage=+2.448 (33.8s, 1.1s/move)
[20:52:17] step 17/2000: loss=0.0421 grad_norm=6.797 top_pick_rate=0.94 mean_advantage=+3.366 (34.2s, 1.1s/move)
[20:52:51] step 18/2000: loss=0.1976 grad_norm=6.903 top_pick_rate=0.94 mean_advantage=+3.161 (33.9s, 1.1s/move)
[20:53:25] step 19/2000: loss=0.3251 grad_norm=23.910 top_pick_rate=0.97 mean_advantage=+3.066 (33.8s, 1.1s/move)
[20:53:59] step 20/2000: loss=0.0565 grad_norm=3.590 top_pick_rate=0.97 mean_advantage=+3.389 (33.8s, 1.1s/move)
[20:54:32] step 21/2000: loss=-0.0236 grad_norm=3.025 top_pick_rate=1.00 mean_advantage=+2.218 (33.6s, 1.0s/move)
[20:55:06] step 22/2000: loss=0.0849 grad_norm=9.723 top_pick_rate=0.97 mean_advantage=+3.236 (34.0s, 1.1s/move)
[20:55:40] step 23/2000: loss=0.0474 grad_norm=4.269 top_pick_rate=0.91 mean_advantage=+3.000 (33.8s, 1.1s/move)
[20:56:14] step 24/2000: loss=0.0295 grad_norm=3.859 top_pick_rate=0.97 mean_advantage=+2.288 (34.1s, 1.1s/move)
[20:56:48] step 25/2000: loss=0.2611 grad_norm=40.591 top_pick_rate=0.94 mean_advantage=+3.042 (33.5s, 1.0s/move)
[20:57:21] step 26/2000: loss=0.0079 grad_norm=1.012 top_pick_rate=0.94 mean_advantage=+3.595 (32.7s, 1.0s/move)
[20:57:54] step 27/2000: loss=-0.0825 grad_norm=5.084 top_pick_rate=0.94 mean_advantage=+3.270 (33.0s, 1.0s/move)
[20:58:27] step 28/2000: loss=0.0001 grad_norm=0.186 top_pick_rate=0.97 mean_advantage=+2.623 (32.8s, 1.0s/move)
[20:59:00] step 29/2000: loss=0.0034 grad_norm=0.436 top_pick_rate=0.88 mean_advantage=+3.254 (33.8s, 1.1s/move)
[20:59:34] step 30/2000: loss=0.0007 grad_norm=0.155 top_pick_rate=0.94 mean_advantage=+3.203 (33.7s, 1.1s/move)
[21:00:08] step 31/2000: loss=0.1290 grad_norm=56.862 top_pick_rate=0.94 mean_advantage=+2.989 (33.7s, 1.1s/move)
[21:00:41] step 32/2000: loss=0.0007 grad_norm=0.220 top_pick_rate=0.88 mean_advantage=+2.767 (33.5s, 1.0s/move)
[21:01:15] step 33/2000: loss=0.0029 grad_norm=0.738 top_pick_rate=0.84 mean_advantage=+3.009 (33.4s, 1.0s/move)
[21:01:47] step 34/2000: loss=0.0007 grad_norm=0.475 top_pick_rate=1.00 mean_advantage=+3.013 (32.8s, 1.0s/move)
[21:02:20] step 35/2000: loss=0.0071 grad_norm=8.817 top_pick_rate=0.94 mean_advantage=+3.248 (32.9s, 1.0s/move)
[21:02:53] step 36/2000: loss=0.0034 grad_norm=4.987 top_pick_rate=0.91 mean_advantage=+3.415 (32.4s, 1.0s/move)
[21:03:26] step 37/2000: loss=0.3516 grad_norm=493.499 top_pick_rate=0.81 mean_advantage=+3.923 (33.3s, 1.0s/move)
[21:04:00] step 38/2000: loss=0.0004 grad_norm=0.322 top_pick_rate=0.84 mean_advantage=+3.100 (33.8s, 1.1s/move)
[21:04:33] step 39/2000: loss=0.0001 grad_norm=0.030 top_pick_rate=0.69 mean_advantage=+3.519 (33.5s, 1.0s/move)
[21:05:06] step 40/2000: loss=0.0004 grad_norm=0.808 top_pick_rate=0.81 mean_advantage=+3.249 (33.0s, 1.0s/move)
[21:05:40] step 41/2000: loss=0.0065 grad_norm=9.811 top_pick_rate=0.75 mean_advantage=+3.590 (33.3s, 1.0s/move)
[21:06:13] step 42/2000: loss=0.0010 grad_norm=0.995 top_pick_rate=0.69 mean_advantage=+3.798 (33.0s, 1.0s/move)
[21:06:46] step 43/2000: loss=0.0118 grad_norm=8.445 top_pick_rate=0.75 mean_advantage=+3.072 (33.6s, 1.1s/move)
[21:07:20] step 44/2000: loss=0.0274 grad_norm=54.857 top_pick_rate=0.88 mean_advantage=+3.497 (33.4s, 1.0s/move)
[21:07:53] step 45/2000: loss=0.0728 grad_norm=122.442 top_pick_rate=0.72 mean_advantage=+3.202 (33.2s, 1.0s/move)
[21:08:26] step 46/2000: loss=0.0076 grad_norm=12.066 top_pick_rate=0.81 mean_advantage=+3.373 (33.0s, 1.0s/move)
[21:08:59] step 47/2000: loss=0.0187 grad_norm=45.125 top_pick_rate=0.69 mean_advantage=+2.889 (32.8s, 1.0s/move)
[21:09:31] step 48/2000: loss=0.0003 grad_norm=0.236 top_pick_rate=0.84 mean_advantage=+3.245 (32.3s, 1.0s/move)
[21:10:04] step 49/2000: loss=0.0988 grad_norm=188.880 top_pick_rate=0.84 mean_advantage=+3.102 (32.6s, 1.0s/move)
[21:10:37] step 50/2000: loss=0.0003 grad_norm=0.677 top_pick_rate=0.94 mean_advantage=+3.507 (33.3s, 1.0s/move)
[21:16:28]   eval @ step 50: mean_score=17940 mean_lines=158.20 max_score=18800 (351s for 5 games)
[21:16:33] saved checkpoint: /vol/bennylin-solar/New/PACT/RL/runs/tetris-rl/step-50 (and latest/)
[21:17:06] step 51/2000: loss=0.0002 grad_norm=0.576 top_pick_rate=0.84 mean_advantage=+3.866 (33.0s, 1.0s/move)
[21:17:39] step 52/2000: loss=0.0047 grad_norm=7.187 top_pick_rate=0.75 mean_advantage=+3.076 (33.4s, 1.0s/move)
[21:18:13] step 53/2000: loss=0.0082 grad_norm=9.714 top_pick_rate=0.62 mean_advantage=+3.502 (33.6s, 1.1s/move)
[21:18:46] step 54/2000: loss=0.0387 grad_norm=147.865 top_pick_rate=0.78 mean_advantage=+3.224 (32.7s, 1.0s/move)
[21:19:18] step 55/2000: loss=0.0000 grad_norm=0.001 top_pick_rate=0.88 mean_advantage=+3.981 (32.2s, 1.0s/move)
[21:19:51] step 56/2000: loss=0.0000 grad_norm=0.006 top_pick_rate=0.84 mean_advantage=+2.896 (32.6s, 1.0s/move)
[21:20:24] step 57/2000: loss=0.0013 grad_norm=3.756 top_pick_rate=0.84 mean_advantage=+3.372 (33.2s, 1.0s/move)
[21:20:56] step 58/2000: loss=0.0000 grad_norm=0.042 top_pick_rate=0.66 mean_advantage=+3.079 (32.5s, 1.0s/move)
[21:21:29] step 59/2000: loss=0.0312 grad_norm=73.971 top_pick_rate=0.81 mean_advantage=+2.782 (33.1s, 1.0s/move)
[21:22:02] step 60/2000: loss=0.0000 grad_norm=0.002 top_pick_rate=0.81 mean_advantage=+3.626 (32.8s, 1.0s/move)
[21:22:36] step 61/2000: loss=0.0129 grad_norm=25.578 top_pick_rate=0.59 mean_advantage=+2.493 (33.4s, 1.0s/move)
[21:23:09] step 62/2000: loss=0.0275 grad_norm=99.476 top_pick_rate=0.56 mean_advantage=+3.958 (33.0s, 1.0s/move)
[21:23:42] step 63/2000: loss=0.0001 grad_norm=0.206 top_pick_rate=0.56 mean_advantage=+2.809 (33.7s, 1.1s/move)
[21:24:16] step 64/2000: loss=0.0135 grad_norm=53.146 top_pick_rate=0.62 mean_advantage=+3.196 (33.9s, 1.1s/move)
[21:24:50] step 65/2000: loss=0.0002 grad_norm=0.825 top_pick_rate=0.75 mean_advantage=+3.651 (33.6s, 1.0s/move)
[21:25:23] step 66/2000: loss=0.0112 grad_norm=34.325 top_pick_rate=0.66 mean_advantage=+3.358 (33.3s, 1.0s/move)
[21:25:57] step 67/2000: loss=0.0057 grad_norm=44.453 top_pick_rate=0.59 mean_advantage=+3.073 (33.3s, 1.0s/move)
[21:26:31] step 68/2000: loss=0.0001 grad_norm=0.551 top_pick_rate=0.66 mean_advantage=+3.462 (34.0s, 1.1s/move)
[21:27:04] step 69/2000: loss=0.0068 grad_norm=38.842 top_pick_rate=0.72 mean_advantage=+3.760 (33.5s, 1.0s/move)
[21:27:38] step 70/2000: loss=0.0008 grad_norm=3.708 top_pick_rate=0.69 mean_advantage=+3.237 (33.6s, 1.1s/move)
[21:28:11] step 71/2000: loss=-0.0027 grad_norm=5.778 top_pick_rate=0.47 mean_advantage=+2.675 (33.4s, 1.0s/move)
[21:28:45] step 72/2000: loss=0.0027 grad_norm=12.127 top_pick_rate=0.69 mean_advantage=+3.866 (33.3s, 1.0s/move)
[21:29:18] step 73/2000: loss=0.0442 grad_norm=255.953 top_pick_rate=0.66 mean_advantage=+3.452 (33.8s, 1.1s/move)
[21:29:52] step 74/2000: loss=0.0016 grad_norm=3.388 top_pick_rate=0.69 mean_advantage=+5.004 (33.6s, 1.0s/move)
[21:30:25] step 75/2000: loss=0.0000 grad_norm=0.000 top_pick_rate=0.53 mean_advantage=+3.180 (33.1s, 1.0s/move)
[21:30:58] step 76/2000: loss=0.0002 grad_norm=0.645 top_pick_rate=0.53 mean_advantage=+2.920 (33.4s, 1.0s/move)
[21:31:31] step 77/2000: loss=0.0105 grad_norm=68.569 top_pick_rate=0.72 mean_advantage=+3.980 (32.8s, 1.0s/move)
[21:32:04] step 78/2000: loss=0.0487 grad_norm=72.538 top_pick_rate=0.78 mean_advantage=+3.215 (32.9s, 1.0s/move)
[21:32:37] step 79/2000: loss=0.0330 grad_norm=259.011 top_pick_rate=0.81 mean_advantage=+3.303 (32.5s, 1.0s/move)
[21:33:09] step 80/2000: loss=0.0000 grad_norm=0.003 top_pick_rate=0.78 mean_advantage=+3.656 (32.4s, 1.0s/move)
[21:33:42] step 81/2000: loss=0.0077 grad_norm=17.684 top_pick_rate=0.78 mean_advantage=+3.308 (32.4s, 1.0s/move)
[21:34:14] step 82/2000: loss=0.0096 grad_norm=24.428 top_pick_rate=0.78 mean_advantage=+3.220 (32.2s, 1.0s/move)
[21:34:46] step 83/2000: loss=0.0000 grad_norm=0.034 top_pick_rate=0.81 mean_advantage=+3.328 (32.5s, 1.0s/move)
[21:35:19] step 84/2000: loss=0.0006 grad_norm=2.928 top_pick_rate=0.81 mean_advantage=+3.699 (32.4s, 1.0s/move)
[21:35:52] step 85/2000: loss=0.0000 grad_norm=0.046 top_pick_rate=0.72 mean_advantage=+2.520 (33.4s, 1.0s/move)
[21:36:25] step 86/2000: loss=0.0193 grad_norm=85.690 top_pick_rate=0.72 mean_advantage=+3.187 (33.3s, 1.0s/move)
[21:36:58] step 87/2000: loss=0.0001 grad_norm=0.167 top_pick_rate=0.75 mean_advantage=+3.249 (32.5s, 1.0s/move)
[21:37:30] step 88/2000: loss=0.0000 grad_norm=0.004 top_pick_rate=0.88 mean_advantage=+2.566 (32.7s, 1.0s/move)
[21:38:03] step 89/2000: loss=0.0015 grad_norm=2.427 top_pick_rate=0.84 mean_advantage=+3.206 (32.8s, 1.0s/move)
[21:38:37] step 90/2000: loss=0.0002 grad_norm=1.772 top_pick_rate=0.72 mean_advantage=+2.707 (33.2s, 1.0s/move)
[21:39:10] step 91/2000: loss=0.0002 grad_norm=1.030 top_pick_rate=0.72 mean_advantage=+3.764 (33.5s, 1.0s/move)
[21:39:43] step 92/2000: loss=0.0000 grad_norm=0.000 top_pick_rate=0.81 mean_advantage=+3.411 (33.4s, 1.0s/move)
[21:40:17] step 93/2000: loss=0.0000 grad_norm=0.068 top_pick_rate=0.69 mean_advantage=+3.710 (33.2s, 1.0s/move)
[21:40:50] step 94/2000: loss=0.0074 grad_norm=37.108 top_pick_rate=0.88 mean_advantage=+3.353 (33.4s, 1.0s/move)
[21:41:33] step 95/2000: loss=0.0233 grad_norm=72.047 top_pick_rate=0.84 mean_advantage=+3.409 (42.8s, 1.3s/move)
[21:42:42] step 96/2000: loss=0.0000 grad_norm=0.061 top_pick_rate=0.91 mean_advantage=+3.267 (69.2s, 2.2s/move)
[21:43:30] step 97/2000: loss=0.0005 grad_norm=3.995 top_pick_rate=0.88 mean_advantage=+3.217 (47.7s, 1.5s/move)
[21:44:19] step 98/2000: loss=0.0008 grad_norm=4.063 top_pick_rate=0.62 mean_advantage=+2.700 (48.8s, 1.5s/move)
[21:45:08] step 99/2000: loss=0.0016 grad_norm=10.057 top_pick_rate=0.38 mean_advantage=+2.045 (49.8s, 1.6s/move)
[21:45:52] step 100/2000: loss=0.2795 grad_norm=1041.264 top_pick_rate=0.66 mean_advantage=+3.350 (43.8s, 1.4s/move)
[21:52:02]   eval @ step 100: mean_score=17280 mean_lines=151.60 max_score=17900 (370s for 5 games)
[21:52:08] saved checkpoint: /vol/bennylin-solar/New/PACT/RL/runs/tetris-rl/step-100 (and latest/)
[21:52:41] step 101/2000: loss=0.0044 grad_norm=29.817 top_pick_rate=0.56 mean_advantage=+4.179 (33.7s, 1.1s/move)
[21:53:14] step 102/2000: loss=0.0031 grad_norm=31.305 top_pick_rate=0.62 mean_advantage=+3.390 (32.5s, 1.0s/move)
[21:53:47] step 103/2000: loss=-0.0004 grad_norm=1.723 top_pick_rate=0.50 mean_advantage=+3.250 (32.9s, 1.0s/move)
[21:54:20] step 104/2000: loss=0.0027 grad_norm=24.341 top_pick_rate=0.66 mean_advantage=+2.858 (33.3s, 1.0s/move)
[21:54:53] step 105/2000: loss=0.0000 grad_norm=0.036 top_pick_rate=0.66 mean_advantage=+4.408 (32.7s, 1.0s/move)
[21:55:26] step 106/2000: loss=0.0306 grad_norm=224.838 top_pick_rate=0.69 mean_advantage=+3.446 (33.5s, 1.0s/move)
[21:56:00] step 107/2000: loss=-0.0006 grad_norm=2.220 top_pick_rate=0.78 mean_advantage=+2.634 (33.5s, 1.0s/move)
[21:56:34] step 108/2000: loss=0.0001 grad_norm=0.548 top_pick_rate=0.75 mean_advantage=+4.375 (34.3s, 1.1s/move)
[21:57:08] step 109/2000: loss=0.0074 grad_norm=21.436 top_pick_rate=0.81 mean_advantage=+3.222 (33.9s, 1.1s/move)
[21:57:42] step 110/2000: loss=0.0001 grad_norm=0.783 top_pick_rate=0.84 mean_advantage=+4.106 (33.4s, 1.0s/move)
[21:58:15] step 111/2000: loss=0.0696 grad_norm=353.366 top_pick_rate=0.62 mean_advantage=+2.741 (33.7s, 1.1s/move)
[21:58:49] step 112/2000: loss=0.0000 grad_norm=0.000 top_pick_rate=0.81 mean_advantage=+3.176 (33.8s, 1.1s/move)
[21:59:23] step 113/2000: loss=0.0014 grad_norm=14.919 top_pick_rate=0.56 mean_advantage=+3.881 (34.0s, 1.1s/move)
[21:59:57] step 114/2000: loss=0.0084 grad_norm=42.085 top_pick_rate=0.66 mean_advantage=+2.889 (33.8s, 1.1s/move)
[22:00:31] step 115/2000: loss=0.0000 grad_norm=0.032 top_pick_rate=0.75 mean_advantage=+2.745 (33.9s, 1.1s/move)
[22:01:06] step 116/2000: loss=0.0000 grad_norm=0.000 top_pick_rate=0.78 mean_advantage=+3.495 (35.6s, 1.1s/move)
[22:01:48] step 117/2000: loss=0.0074 grad_norm=14.235 top_pick_rate=0.75 mean_advantage=+3.260 (41.9s, 1.3s/move)
[22:02:31] step 118/2000: loss=0.0001 grad_norm=1.066 top_pick_rate=0.69 mean_advantage=+3.867 (43.2s, 1.4s/move)
[22:03:13] step 119/2000: loss=0.0000 grad_norm=0.001 top_pick_rate=0.72 mean_advantage=+3.570 (41.7s, 1.3s/move)
[22:03:52] step 120/2000: loss=-0.0000 grad_norm=0.019 top_pick_rate=0.72 mean_advantage=+3.509 (39.2s, 1.2s/move)
[22:04:32] step 121/2000: loss=0.0000 grad_norm=0.002 top_pick_rate=0.91 mean_advantage=+3.743 (40.1s, 1.3s/move)
[22:05:19] step 122/2000: loss=0.1203 grad_norm=164.171 top_pick_rate=0.59 mean_advantage=+2.784 (46.9s, 1.5s/move)
[22:05:52] step 123/2000: loss=0.0011 grad_norm=4.658 top_pick_rate=0.75 mean_advantage=+3.132 (33.2s, 1.0s/move)
[22:06:26] step 124/2000: loss=-0.0003 grad_norm=1.976 top_pick_rate=0.66 mean_advantage=+2.606 (33.3s, 1.0s/move)
[22:06:59] step 125/2000: loss=0.0021 grad_norm=10.469 top_pick_rate=0.84 mean_advantage=+3.557 (33.6s, 1.1s/move)
[22:07:33] step 126/2000: loss=0.0122 grad_norm=84.719 top_pick_rate=0.72 mean_advantage=+2.711 (33.4s, 1.0s/move)
[22:08:07] step 127/2000: loss=0.0056 grad_norm=12.609 top_pick_rate=0.75 mean_advantage=+2.697 (33.9s, 1.1s/move)
[22:08:41] step 128/2000: loss=0.0674 grad_norm=394.288 top_pick_rate=0.78 mean_advantage=+3.525 (34.1s, 1.1s/move)
[22:09:14] step 129/2000: loss=0.0000 grad_norm=0.060 top_pick_rate=0.84 mean_advantage=+4.330 (33.6s, 1.1s/move)
[22:09:48] step 130/2000: loss=0.0047 grad_norm=24.895 top_pick_rate=0.81 mean_advantage=+4.061 (33.3s, 1.0s/move)
[22:10:21] step 131/2000: loss=0.0085 grad_norm=62.320 top_pick_rate=0.69 mean_advantage=+3.391 (33.6s, 1.1s/move)
[22:10:54] step 132/2000: loss=0.0000 grad_norm=0.004 top_pick_rate=0.81 mean_advantage=+2.962 (33.1s, 1.0s/move)
[22:11:28] step 133/2000: loss=0.0000 grad_norm=0.193 top_pick_rate=0.84 mean_advantage=+3.849 (33.1s, 1.0s/move)
[22:12:01] step 134/2000: loss=0.0000 grad_norm=0.000 top_pick_rate=0.84 mean_advantage=+4.375 (33.3s, 1.0s/move)
[22:12:34] step 135/2000: loss=0.0082 grad_norm=58.365 top_pick_rate=0.88 mean_advantage=+2.621 (32.9s, 1.0s/move)
[22:13:07] step 136/2000: loss=0.0006 grad_norm=3.029 top_pick_rate=0.78 mean_advantage=+3.096 (33.3s, 1.0s/move)
[22:13:40] step 137/2000: loss=0.0001 grad_norm=0.362 top_pick_rate=0.94 mean_advantage=+3.198 (33.2s, 1.0s/move)
[22:14:13] step 138/2000: loss=0.0000 grad_norm=0.000 top_pick_rate=0.91 mean_advantage=+3.320 (32.7s, 1.0s/move)
[22:14:46] step 139/2000: loss=0.0023 grad_norm=19.541 top_pick_rate=0.91 mean_advantage=+2.791 (33.2s, 1.0s/move)
[22:15:19] step 140/2000: loss=0.0006 grad_norm=2.564 top_pick_rate=0.75 mean_advantage=+3.663 (33.0s, 1.0s/move)
[22:15:53] step 141/2000: loss=0.0132 grad_norm=47.191 top_pick_rate=0.91 mean_advantage=+3.708 (33.5s, 1.0s/move)
[22:16:26] step 142/2000: loss=0.0000 grad_norm=0.000 top_pick_rate=0.94 mean_advantage=+2.917 (33.2s, 1.0s/move)
[22:16:59] step 143/2000: loss=0.0000 grad_norm=0.085 top_pick_rate=0.94 mean_advantage=+3.573 (33.4s, 1.0s/move)
[22:17:32] step 144/2000: loss=0.0000 grad_norm=0.004 top_pick_rate=0.94 mean_advantage=+3.377 (33.0s, 1.0s/move)
[22:18:05] step 145/2000: loss=0.0000 grad_norm=0.000 top_pick_rate=0.94 mean_advantage=+2.571 (33.1s, 1.0s/move)
[22:18:38] step 146/2000: loss=0.0000 grad_norm=0.000 top_pick_rate=0.88 mean_advantage=+2.917 (33.1s, 1.0s/move)
[22:19:12] step 147/2000: loss=0.0014 grad_norm=13.761 top_pick_rate=0.94 mean_advantage=+3.363 (33.1s, 1.0s/move)
[22:19:45] step 148/2000: loss=0.0000 grad_norm=0.002 top_pick_rate=0.94 mean_advantage=+3.285 (33.2s, 1.0s/move)
[22:20:18] step 149/2000: loss=0.0000 grad_norm=0.000 top_pick_rate=0.94 mean_advantage=+2.674 (33.0s, 1.0s/move)
[22:20:51] step 150/2000: loss=0.0000 grad_norm=0.000 top_pick_rate=0.88 mean_advantage=+3.998 (33.3s, 1.0s/move)
[22:26:42]   eval @ step 150: mean_score=17320 mean_lines=157.80 max_score=17800 (350s for 5 games)
[22:26:47] saved checkpoint: /vol/bennylin-solar/New/PACT/RL/runs/tetris-rl/step-150 (and latest/)
[22:27:21] step 151/2000: loss=0.0000 grad_norm=0.000 top_pick_rate=0.94 mean_advantage=+2.593 (33.4s, 1.0s/move)
[22:27:54] step 152/2000: loss=0.0000 grad_norm=0.006 top_pick_rate=0.91 mean_advantage=+2.749 (33.5s, 1.0s/move)
[22:28:27] step 153/2000: loss=0.0000 grad_norm=0.001 top_pick_rate=0.97 mean_advantage=+2.406 (33.1s, 1.0s/move)
[22:29:00] step 154/2000: loss=0.0000 grad_norm=0.000 top_pick_rate=0.78 mean_advantage=+3.968 (33.2s, 1.0s/move)
[22:29:34] step 155/2000: loss=0.0017 grad_norm=9.247 top_pick_rate=0.94 mean_advantage=+3.240 (33.3s, 1.0s/move)
[22:30:07] step 156/2000: loss=0.0000 grad_norm=0.000 top_pick_rate=0.97 mean_advantage=+2.157 (32.8s, 1.0s/move)
[22:30:40] step 157/2000: loss=0.0000 grad_norm=0.000 top_pick_rate=0.91 mean_advantage=+3.872 (33.5s, 1.0s/move)
[22:31:13] step 158/2000: loss=0.0003 grad_norm=2.682 top_pick_rate=0.94 mean_advantage=+3.142 (33.3s, 1.0s/move)
[22:31:46] step 159/2000: loss=0.0000 grad_norm=0.251 top_pick_rate=0.94 mean_advantage=+2.868 (32.8s, 1.0s/move)
[22:32:19] step 160/2000: loss=0.0000 grad_norm=0.039 top_pick_rate=0.91 mean_advantage=+2.466 (32.4s, 1.0s/move)
[22:32:51] step 161/2000: loss=0.0003 grad_norm=3.286 top_pick_rate=1.00 mean_advantage=+3.051 (33.0s, 1.0s/move)
[22:33:24] step 162/2000: loss=0.0662 grad_norm=162.680 top_pick_rate=0.81 mean_advantage=+3.031 (32.6s, 1.0s/move)
[22:33:56] step 163/2000: loss=0.0000 grad_norm=0.000 top_pick_rate=0.91 mean_advantage=+3.026 (32.3s, 1.0s/move)
[22:34:30] step 164/2000: loss=0.0000 grad_norm=0.000 top_pick_rate=0.97 mean_advantage=+2.782 (33.1s, 1.0s/move)
[22:35:02] step 165/2000: loss=0.0000 grad_norm=0.001 top_pick_rate=0.91 mean_advantage=+2.549 (32.9s, 1.0s/move)
[22:35:35] step 166/2000: loss=0.0000 grad_norm=0.000 top_pick_rate=0.97 mean_advantage=+2.699 (32.9s, 1.0s/move)
[22:36:09] step 167/2000: loss=0.0000 grad_norm=0.000 top_pick_rate=0.94 mean_advantage=+2.832 (33.3s, 1.0s/move)
[22:36:42] step 168/2000: loss=0.0001 grad_norm=0.647 top_pick_rate=0.91 mean_advantage=+2.904 (33.3s, 1.0s/move)
[22:37:14] step 169/2000: loss=0.0000 grad_norm=0.000 top_pick_rate=0.97 mean_advantage=+2.693 (32.2s, 1.0s/move)
[22:37:48] step 170/2000: loss=0.0000 grad_norm=0.000 top_pick_rate=0.97 mean_advantage=+2.990 (33.4s, 1.0s/move)
[22:38:20] step 171/2000: loss=0.0000 grad_norm=0.000 top_pick_rate=0.88 mean_advantage=+2.809 (32.6s, 1.0s/move)
[22:38:53] step 172/2000: loss=0.0000 grad_norm=0.000 top_pick_rate=0.97 mean_advantage=+3.064 (32.9s, 1.0s/move)
[22:39:26] step 173/2000: loss=0.0000 grad_norm=0.047 top_pick_rate=0.91 mean_advantage=+3.113 (33.2s, 1.0s/move)
[22:40:00] step 174/2000: loss=0.0000 grad_norm=0.000 top_pick_rate=0.88 mean_advantage=+3.520 (33.4s, 1.0s/move)
[22:40:33] step 175/2000: loss=0.0000 grad_norm=0.000 top_pick_rate=0.97 mean_advantage=+2.792 (33.3s, 1.0s/move)
[22:41:06] step 176/2000: loss=0.0000 grad_norm=0.000 top_pick_rate=1.00 mean_advantage=+2.920 (32.8s, 1.0s/move)
[22:41:38] step 177/2000: loss=0.0002 grad_norm=0.574 top_pick_rate=0.91 mean_advantage=+3.257 (32.1s, 1.0s/move)
[22:42:10] step 178/2000: loss=0.0000 grad_norm=0.088 top_pick_rate=0.94 mean_advantage=+2.205 (32.4s, 1.0s/move)
[22:42:43] step 179/2000: loss=0.0000 grad_norm=0.000 top_pick_rate=1.00 mean_advantage=+2.422 (32.9s, 1.0s/move)
[22:43:16] step 180/2000: loss=0.0000 grad_norm=0.000 top_pick_rate=1.00 mean_advantage=+3.849 (33.1s, 1.0s/move)
[22:43:49] step 181/2000: loss=0.0000 grad_norm=0.008 top_pick_rate=0.94 mean_advantage=+3.208 (32.8s, 1.0s/move)
[22:44:22] step 182/2000: loss=-0.0000 grad_norm=0.020 top_pick_rate=1.00 mean_advantage=+2.894 (33.4s, 1.0s/move)
[22:44:56] step 183/2000: loss=0.0000 grad_norm=0.018 top_pick_rate=0.94 mean_advantage=+3.534 (33.3s, 1.0s/move)
[22:45:29] step 184/2000: loss=0.0002 grad_norm=1.781 top_pick_rate=1.00 mean_advantage=+3.272 (33.1s, 1.0s/move)
[22:46:02] step 185/2000: loss=0.0000 grad_norm=0.000 top_pick_rate=1.00 mean_advantage=+3.195 (33.5s, 1.0s/move)
[22:46:35] step 186/2000: loss=0.0000 grad_norm=0.000 top_pick_rate=0.91 mean_advantage=+3.001 (33.1s, 1.0s/move)
[22:47:08] step 187/2000: loss=0.0000 grad_norm=0.000 top_pick_rate=1.00 mean_advantage=+2.882 (32.5s, 1.0s/move)
[22:47:41] step 188/2000: loss=0.0000 grad_norm=0.000 top_pick_rate=0.97 mean_advantage=+3.608 (32.5s, 1.0s/move)
[22:48:14] step 189/2000: loss=0.0000 grad_norm=0.000 top_pick_rate=1.00 mean_advantage=+3.201 (33.3s, 1.0s/move)
[22:48:47] step 190/2000: loss=0.0000 grad_norm=0.000 top_pick_rate=0.97 mean_advantage=+3.125 (33.0s, 1.0s/move)
[22:49:19] step 191/2000: loss=0.0000 grad_norm=0.000 top_pick_rate=1.00 mean_advantage=+2.742 (32.6s, 1.0s/move)
[22:49:52] step 192/2000: loss=0.0000 grad_norm=0.000 top_pick_rate=0.97 mean_advantage=+3.304 (32.4s, 1.0s/move)
[22:50:24] step 193/2000: loss=0.0000 grad_norm=0.000 top_pick_rate=1.00 mean_advantage=+3.233 (32.4s, 1.0s/move)
[22:50:57] step 194/2000: loss=0.0000 grad_norm=0.000 top_pick_rate=1.00 mean_advantage=+2.735 (33.2s, 1.0s/move)
[22:51:30] step 195/2000: loss=0.0000 grad_norm=0.000 top_pick_rate=0.97 mean_advantage=+3.163 (32.3s, 1.0s/move)
[22:52:02] step 196/2000: loss=0.0000 grad_norm=0.000 top_pick_rate=1.00 mean_advantage=+2.891 (32.8s, 1.0s/move)
[22:52:36] step 197/2000: loss=0.0000 grad_norm=0.000 top_pick_rate=1.00 mean_advantage=+2.871 (33.4s, 1.0s/move)
[22:53:09] step 198/2000: loss=0.0000 grad_norm=0.000 top_pick_rate=0.94 mean_advantage=+3.382 (33.3s, 1.0s/move)
[22:53:41] step 199/2000: loss=0.0000 grad_norm=0.000 top_pick_rate=0.97 mean_advantage=+2.813 (32.3s, 1.0s/move)
[22:54:14] step 200/2000: loss=0.0012 grad_norm=3.347 top_pick_rate=0.97 mean_advantage=+3.138 (32.6s, 1.0s/move)
[23:00:04]   eval @ step 200: mean_score=17260 mean_lines=158.40 max_score=17500 (350s for 5 games)
[23:00:10] saved checkpoint: /vol/bennylin-solar/New/PACT/RL/runs/tetris-rl/step-200 (and latest/)
[23:00:42] step 201/2000: loss=0.0000 grad_norm=0.000 top_pick_rate=1.00 mean_advantage=+2.732 (32.1s, 1.0s/move)
[23:01:14] step 202/2000: loss=0.0000 grad_norm=0.000 top_pick_rate=0.94 mean_advantage=+3.530 (32.5s, 1.0s/move)
[23:01:46] step 203/2000: loss=0.0000 grad_norm=0.000 top_pick_rate=1.00 mean_advantage=+2.551 (32.4s, 1.0s/move)
[23:02:20] step 204/2000: loss=0.0000 grad_norm=0.000 top_pick_rate=0.97 mean_advantage=+3.516 (33.2s, 1.0s/move)
[23:02:52] step 205/2000: loss=-0.0000 grad_norm=0.003 top_pick_rate=1.00 mean_advantage=+2.954 (32.5s, 1.0s/move)
[23:03:24] step 206/2000: loss=0.0015 grad_norm=9.915 top_pick_rate=1.00 mean_advantage=+2.741 (32.1s, 1.0s/move)
[23:03:57] step 207/2000: loss=0.0000 grad_norm=0.000 top_pick_rate=1.00 mean_advantage=+3.968 (32.8s, 1.0s/move)
[23:04:30] step 208/2000: loss=0.0000 grad_norm=0.000 top_pick_rate=0.97 mean_advantage=+2.626 (33.1s, 1.0s/move)
[23:05:02] step 209/2000: loss=0.0000 grad_norm=0.000 top_pick_rate=1.00 mean_advantage=+3.117 (32.2s, 1.0s/move)
[23:05:35] step 210/2000: loss=0.0000 grad_norm=0.000 top_pick_rate=0.97 mean_advantage=+3.297 (32.4s, 1.0s/move)
[23:06:07] step 211/2000: loss=0.0000 grad_norm=0.000 top_pick_rate=1.00 mean_advantage=+2.923 (32.6s, 1.0s/move)
[23:06:40] step 212/2000: loss=0.0000 grad_norm=0.002 top_pick_rate=0.97 mean_advantage=+2.858 (32.4s, 1.0s/move)
[23:07:12] step 213/2000: loss=0.0000 grad_norm=0.000 top_pick_rate=1.00 mean_advantage=+2.666 (32.8s, 1.0s/move)
[23:07:46] step 214/2000: loss=0.0000 grad_norm=0.000 top_pick_rate=1.00 mean_advantage=+3.290 (33.5s, 1.0s/move)
[23:08:19] step 215/2000: loss=0.0000 grad_norm=0.000 top_pick_rate=1.00 mean_advantage=+2.540 (33.2s, 1.0s/move)
[23:08:52] step 216/2000: loss=0.0000 grad_norm=0.000 top_pick_rate=1.00 mean_advantage=+2.506 (33.2s, 1.0s/move)
[23:09:26] step 217/2000: loss=0.0000 grad_norm=0.000 top_pick_rate=1.00 mean_advantage=+2.686 (33.1s, 1.0s/move)
[23:09:59] step 218/2000: loss=0.0000 grad_norm=0.000 top_pick_rate=1.00 mean_advantage=+3.765 (33.1s, 1.0s/move)
[23:10:32] step 219/2000: loss=0.0000 grad_norm=0.000 top_pick_rate=1.00 mean_advantage=+2.189 (32.9s, 1.0s/move)
[23:11:04] step 220/2000: loss=0.0000 grad_norm=0.000 top_pick_rate=0.97 mean_advantage=+3.784 (32.6s, 1.0s/move)
[23:11:37] step 221/2000: loss=0.0000 grad_norm=0.000 top_pick_rate=1.00 mean_advantage=+2.998 (33.1s, 1.0s/move)
[23:12:11] step 222/2000: loss=0.0000 grad_norm=0.000 top_pick_rate=1.00 mean_advantage=+2.729 (33.4s, 1.0s/move)
[23:12:44] step 223/2000: loss=0.0000 grad_norm=0.000 top_pick_rate=1.00 mean_advantage=+2.795 (33.3s, 1.0s/move)
[23:13:17] step 224/2000: loss=0.0000 grad_norm=0.000 top_pick_rate=1.00 mean_advantage=+3.136 (33.2s, 1.0s/move)
[23:13:51] step 225/2000: loss=0.0000 grad_norm=0.000 top_pick_rate=1.00 mean_advantage=+3.170 (33.5s, 1.0s/move)
[23:14:24] step 226/2000: loss=0.0000 grad_norm=0.000 top_pick_rate=1.00 mean_advantage=+2.526 (33.3s, 1.0s/move)
[23:14:56] step 227/2000: loss=0.0000 grad_norm=0.000 top_pick_rate=1.00 mean_advantage=+2.813 (32.2s, 1.0s/move)
[23:15:29] step 228/2000: loss=0.0000 grad_norm=0.000 top_pick_rate=1.00 mean_advantage=+3.254 (32.6s, 1.0s/move)
[23:16:01] step 229/2000: loss=0.0000 grad_norm=0.000 top_pick_rate=1.00 mean_advantage=+3.024 (32.5s, 1.0s/move)
[23:16:34] step 230/2000: loss=0.0000 grad_norm=0.096 top_pick_rate=0.97 mean_advantage=+2.641 (32.9s, 1.0s/move)
[23:17:08] step 231/2000: loss=0.0000 grad_norm=0.537 top_pick_rate=0.97 mean_advantage=+2.782 (33.5s, 1.0s/move)
[23:17:40] step 232/2000: loss=0.0000 grad_norm=0.000 top_pick_rate=1.00 mean_advantage=+2.221 (32.7s, 1.0s/move)
[23:18:13] step 233/2000: loss=0.0000 grad_norm=0.000 top_pick_rate=1.00 mean_advantage=+2.821 (32.2s, 1.0s/move)
[23:18:45] step 234/2000: loss=0.0000 grad_norm=0.000 top_pick_rate=1.00 mean_advantage=+2.904 (32.7s, 1.0s/move)
[23:19:19] step 235/2000: loss=0.0000 grad_norm=0.000 top_pick_rate=0.97 mean_advantage=+3.338 (33.2s, 1.0s/move)
[23:19:51] step 236/2000: loss=0.0000 grad_norm=0.000 top_pick_rate=1.00 mean_advantage=+2.892 (32.2s, 1.0s/move)
[23:20:23] step 237/2000: loss=0.0000 grad_norm=0.000 top_pick_rate=1.00 mean_advantage=+2.632 (32.5s, 1.0s/move)
[23:20:56] step 238/2000: loss=0.0000 grad_norm=0.000 top_pick_rate=0.97 mean_advantage=+3.181 (32.5s, 1.0s/move)
[23:21:29] step 239/2000: loss=0.0000 grad_norm=0.000 top_pick_rate=0.97 mean_advantage=+2.818 (32.8s, 1.0s/move)
[23:22:01] step 240/2000: loss=0.0000 grad_norm=0.000 top_pick_rate=1.00 mean_advantage=+3.379 (32.6s, 1.0s/move)
[23:22:34] step 241/2000: loss=0.0000 grad_norm=0.000 top_pick_rate=0.97 mean_advantage=+3.178 (32.6s, 1.0s/move)
[23:23:07] step 242/2000: loss=0.0000 grad_norm=0.000 top_pick_rate=1.00 mean_advantage=+3.562 (32.7s, 1.0s/move)
[23:23:39] step 243/2000: loss=0.0000 grad_norm=0.000 top_pick_rate=1.00 mean_advantage=+2.767 (32.5s, 1.0s/move)
[23:24:12] step 244/2000: loss=0.0000 grad_norm=0.000 top_pick_rate=1.00 mean_advantage=+2.931 (33.0s, 1.0s/move)
[23:24:45] step 245/2000: loss=0.0000 grad_norm=0.000 top_pick_rate=1.00 mean_advantage=+3.125 (32.5s, 1.0s/move)
[23:25:17] step 246/2000: loss=0.0000 grad_norm=0.000 top_pick_rate=0.97 mean_advantage=+2.181 (32.4s, 1.0s/move)
[23:25:49] step 247/2000: loss=0.0000 grad_norm=0.000 top_pick_rate=1.00 mean_advantage=+3.566 (32.3s, 1.0s/move)
[23:26:22] step 248/2000: loss=0.0000 grad_norm=0.000 top_pick_rate=1.00 mean_advantage=+2.317 (33.1s, 1.0s/move)
[23:26:56] step 249/2000: loss=0.0000 grad_norm=0.000 top_pick_rate=1.00 mean_advantage=+2.782 (33.3s, 1.0s/move)
[23:27:29] step 250/2000: loss=0.0000 grad_norm=0.000 top_pick_rate=1.00 mean_advantage=+2.975 (33.3s, 1.0s/move)
[23:33:19]   eval @ step 250: mean_score=17080 mean_lines=158.60 max_score=17300 (350s for 5 games)
[23:33:24] saved checkpoint: /vol/bennylin-solar/New/PACT/RL/runs/tetris-rl/step-250 (and latest/)
[23:33:57] step 251/2000: loss=0.0000 grad_norm=0.000 top_pick_rate=1.00 mean_advantage=+2.430 (33.3s, 1.0s/move)
[23:34:30] step 252/2000: loss=0.0000 grad_norm=0.000 top_pick_rate=0.97 mean_advantage=+2.647 (32.6s, 1.0s/move)
[23:35:03] step 253/2000: loss=0.0000 grad_norm=0.000 top_pick_rate=1.00 mean_advantage=+2.711 (32.8s, 1.0s/move)
[23:35:36] step 254/2000: loss=0.0000 grad_norm=0.000 top_pick_rate=1.00 mean_advantage=+2.725 (33.2s, 1.0s/move)
[23:36:09] step 255/2000: loss=0.0000 grad_norm=0.000 top_pick_rate=1.00 mean_advantage=+2.698 (33.2s, 1.0s/move)
[23:36:42] step 256/2000: loss=0.0000 grad_norm=0.000 top_pick_rate=0.97 mean_advantage=+2.869 (33.0s, 1.0s/move)
[23:37:15] step 257/2000: loss=0.0000 grad_norm=0.000 top_pick_rate=1.00 mean_advantage=+3.094 (33.2s, 1.0s/move)
[23:37:49] step 258/2000: loss=0.0000 grad_norm=0.000 top_pick_rate=1.00 mean_advantage=+2.723 (33.3s, 1.0s/move)
[23:38:22] step 259/2000: loss=0.0000 grad_norm=0.000 top_pick_rate=1.00 mean_advantage=+3.944 (33.3s, 1.0s/move)
[23:38:55] step 260/2000: loss=0.0000 grad_norm=0.000 top_pick_rate=1.00 mean_advantage=+2.341 (33.0s, 1.0s/move)
[23:39:28] step 261/2000: loss=0.0000 grad_norm=0.000 top_pick_rate=1.00 mean_advantage=+2.666 (33.4s, 1.0s/move)
[23:40:01] step 262/2000: loss=-0.0011 grad_norm=12.294 top_pick_rate=1.00 mean_advantage=+2.781 (32.6s, 1.0s/move)
[23:40:33] step 263/2000: loss=0.0000 grad_norm=0.000 top_pick_rate=0.97 mean_advantage=+2.709 (32.3s, 1.0s/move)
[23:41:06] step 264/2000: loss=0.0000 grad_norm=0.000 top_pick_rate=0.97 mean_advantage=+2.428 (32.6s, 1.0s/move)
[23:41:39] step 265/2000: loss=0.0000 grad_norm=0.000 top_pick_rate=1.00 mean_advantage=+2.955 (32.9s, 1.0s/move)
[23:42:12] step 266/2000: loss=0.0000 grad_norm=0.002 top_pick_rate=0.94 mean_advantage=+2.784 (32.9s, 1.0s/move)
[23:42:45] step 267/2000: loss=0.0000 grad_norm=0.000 top_pick_rate=0.97 mean_advantage=+3.335 (32.9s, 1.0s/move)
[23:43:18] step 268/2000: loss=0.0000 grad_norm=0.000 top_pick_rate=1.00 mean_advantage=+2.721 (33.3s, 1.0s/move)
[23:43:51] step 269/2000: loss=0.0000 grad_norm=0.000 top_pick_rate=0.97 mean_advantage=+3.426 (32.9s, 1.0s/move)
[23:44:24] step 270/2000: loss=0.0000 grad_norm=0.000 top_pick_rate=1.00 mean_advantage=+3.380 (33.2s, 1.0s/move)
[23:44:57] step 271/2000: loss=0.0000 grad_norm=0.000 top_pick_rate=0.97 mean_advantage=+2.358 (32.7s, 1.0s/move)
[23:45:30] step 272/2000: loss=0.0000 grad_norm=0.000 top_pick_rate=1.00 mean_advantage=+2.822 (33.5s, 1.0s/move)
[23:46:03] step 273/2000: loss=0.0000 grad_norm=0.000 top_pick_rate=1.00 mean_advantage=+2.188 (33.3s, 1.0s/move)
[23:46:36] step 274/2000: loss=0.0000 grad_norm=0.000 top_pick_rate=1.00 mean_advantage=+3.509 (32.4s, 1.0s/move)
[23:47:09] step 275/2000: loss=0.0000 grad_norm=0.000 top_pick_rate=1.00 mean_advantage=+3.508 (33.0s, 1.0s/move)
[23:47:42] step 276/2000: loss=0.0000 grad_norm=0.000 top_pick_rate=0.97 mean_advantage=+2.405 (33.4s, 1.0s/move)
[23:48:15] step 277/2000: loss=0.0000 grad_norm=0.000 top_pick_rate=0.97 mean_advantage=+2.055 (33.1s, 1.0s/move)
[23:48:49] step 278/2000: loss=0.0000 grad_norm=0.000 top_pick_rate=0.97 mean_advantage=+3.614 (33.7s, 1.1s/move)
[23:49:22] step 279/2000: loss=0.0000 grad_norm=0.000 top_pick_rate=0.97 mean_advantage=+2.829 (33.1s, 1.0s/move)
[23:49:56] step 280/2000: loss=0.0000 grad_norm=0.745 top_pick_rate=0.94 mean_advantage=+3.322 (33.5s, 1.0s/move)
[23:50:29] step 281/2000: loss=0.0000 grad_norm=0.000 top_pick_rate=0.97 mean_advantage=+2.900 (33.0s, 1.0s/move)
[23:51:01] step 282/2000: loss=0.0000 grad_norm=0.000 top_pick_rate=1.00 mean_advantage=+3.063 (32.4s, 1.0s/move)
[23:51:34] step 283/2000: loss=0.0000 grad_norm=0.000 top_pick_rate=1.00 mean_advantage=+2.698 (32.6s, 1.0s/move)
[23:52:07] step 284/2000: loss=0.0195 grad_norm=133.764 top_pick_rate=0.84 mean_advantage=+4.100 (33.2s, 1.0s/move)
[23:52:39] step 285/2000: loss=0.0000 grad_norm=0.000 top_pick_rate=0.97 mean_advantage=+3.223 (32.4s, 1.0s/move)
[23:53:12] step 286/2000: loss=0.0000 grad_norm=0.000 top_pick_rate=0.97 mean_advantage=+2.794 (32.9s, 1.0s/move)
[23:53:45] step 287/2000: loss=0.0000 grad_norm=0.000 top_pick_rate=1.00 mean_advantage=+2.963 (33.0s, 1.0s/move)
[23:54:19] step 288/2000: loss=0.0000 grad_norm=0.000 top_pick_rate=1.00 mean_advantage=+3.680 (33.4s, 1.0s/move)
[23:54:52] step 289/2000: loss=0.0000 grad_norm=0.000 top_pick_rate=0.88 mean_advantage=+2.816 (33.3s, 1.0s/move)
[23:55:25] step 290/2000: loss=0.0801 grad_norm=875.599 top_pick_rate=0.84 mean_advantage=+2.919 (33.2s, 1.0s/move)
[23:55:59] step 291/2000: loss=0.0000 grad_norm=0.000 top_pick_rate=0.97 mean_advantage=+2.577 (33.6s, 1.0s/move)
[23:56:31] step 292/2000: loss=0.0000 grad_norm=0.000 top_pick_rate=0.91 mean_advantage=+2.927 (32.3s, 1.0s/move)
[23:57:04] step 293/2000: loss=0.0000 grad_norm=0.000 top_pick_rate=0.94 mean_advantage=+3.381 (32.8s, 1.0s/move)
[23:57:37] step 294/2000: loss=0.0000 grad_norm=0.000 top_pick_rate=0.88 mean_advantage=+3.202 (33.1s, 1.0s/move)
[23:58:10] step 295/2000: loss=0.0000 grad_norm=0.000 top_pick_rate=0.91 mean_advantage=+2.952 (33.3s, 1.0s/move)
[23:58:44] step 296/2000: loss=0.0000 grad_norm=0.002 top_pick_rate=0.94 mean_advantage=+3.086 (33.2s, 1.0s/move)
[23:59:16] step 297/2000: loss=0.0000 grad_norm=0.000 top_pick_rate=0.84 mean_advantage=+2.729 (32.7s, 1.0s/move)
[23:59:49] step 298/2000: loss=0.0000 grad_norm=0.000 top_pick_rate=0.91 mean_advantage=+3.650 (32.4s, 1.0s/move)
[00:00:21] step 299/2000: loss=0.0000 grad_norm=0.000 top_pick_rate=0.91 mean_advantage=+3.421 (32.2s, 1.0s/move)
[00:00:54] step 300/2000: loss=0.0000 grad_norm=0.000 top_pick_rate=0.91 mean_advantage=+2.851 (33.2s, 1.0s/move)
[00:06:45]   eval @ step 300: mean_score=17320 mean_lines=158.40 max_score=17900 (351s for 5 games)
[00:06:50] saved checkpoint: /vol/bennylin-solar/New/PACT/RL/runs/tetris-rl/step-300 (and latest/)
[00:07:24] step 301/2000: loss=0.0000 grad_norm=0.000 top_pick_rate=0.88 mean_advantage=+3.042 (33.3s, 1.0s/move)
[00:07:57] step 302/2000: loss=0.0000 grad_norm=0.000 top_pick_rate=0.91 mean_advantage=+3.237 (33.1s, 1.0s/move)
[00:08:30] step 303/2000: loss=0.0000 grad_norm=0.133 top_pick_rate=0.91 mean_advantage=+3.516 (32.9s, 1.0s/move)
[00:09:03] step 304/2000: loss=0.0031 grad_norm=10.506 top_pick_rate=0.88 mean_advantage=+3.088 (33.5s, 1.0s/move)
[00:09:37] step 305/2000: loss=0.0000 grad_norm=0.000 top_pick_rate=0.94 mean_advantage=+2.797 (33.3s, 1.0s/move)
[00:10:10] step 306/2000: loss=-0.0000 grad_norm=0.026 top_pick_rate=0.91 mean_advantage=+2.881 (33.1s, 1.0s/move)
[00:10:43] step 307/2000: loss=0.0002 grad_norm=0.808 top_pick_rate=0.81 mean_advantage=+4.225 (33.1s, 1.0s/move)
[00:11:16] step 308/2000: loss=0.0000 grad_norm=0.000 top_pick_rate=0.69 mean_advantage=+3.209 (33.4s, 1.0s/move)
[00:11:49] step 309/2000: loss=0.0000 grad_norm=0.001 top_pick_rate=0.78 mean_advantage=+2.885 (33.0s, 1.0s/move)
[00:12:23] step 310/2000: loss=0.0000 grad_norm=0.000 top_pick_rate=0.97 mean_advantage=+3.494 (33.3s, 1.0s/move)
[00:12:55] step 311/2000: loss=0.0002 grad_norm=1.887 top_pick_rate=0.94 mean_advantage=+2.809 (32.9s, 1.0s/move)
[00:13:28] step 312/2000: loss=0.0000 grad_norm=0.001 top_pick_rate=0.97 mean_advantage=+3.249 (33.0s, 1.0s/move)
[00:14:02] step 313/2000: loss=0.0014 grad_norm=12.685 top_pick_rate=0.91 mean_advantage=+3.573 (33.4s, 1.0s/move)
[00:14:35] step 314/2000: loss=0.0000 grad_norm=0.000 top_pick_rate=0.88 mean_advantage=+3.053 (33.1s, 1.0s/move)
[00:15:08] step 315/2000: loss=0.0916 grad_norm=1145.404 top_pick_rate=0.94 mean_advantage=+3.054 (33.5s, 1.0s/move)
[00:15:42] step 316/2000: loss=0.0000 grad_norm=0.000 top_pick_rate=0.88 mean_advantage=+2.832 (33.2s, 1.0s/move)
[00:16:15] step 317/2000: loss=0.0000 grad_norm=0.000 top_pick_rate=0.94 mean_advantage=+3.297 (33.5s, 1.0s/move)
[00:16:48] step 318/2000: loss=0.0000 grad_norm=0.000 top_pick_rate=0.84 mean_advantage=+3.334 (33.1s, 1.0s/move)
[00:17:21] step 319/2000: loss=0.0000 grad_norm=0.000 top_pick_rate=0.97 mean_advantage=+2.708 (32.9s, 1.0s/move)
[00:17:54] step 320/2000: loss=-0.0000 grad_norm=0.193 top_pick_rate=0.94 mean_advantage=+3.330 (33.5s, 1.0s/move)
[00:18:28] step 321/2000: loss=0.0000 grad_norm=0.000 top_pick_rate=0.94 mean_advantage=+3.311 (33.3s, 1.0s/move)
[00:19:01] step 322/2000: loss=0.0000 grad_norm=0.000 top_pick_rate=0.91 mean_advantage=+3.458 (33.3s, 1.0s/move)
[00:19:34] step 323/2000: loss=0.0000 grad_norm=0.000 top_pick_rate=0.94 mean_advantage=+2.870 (32.9s, 1.0s/move)
[00:20:07] step 324/2000: loss=0.0000 grad_norm=0.001 top_pick_rate=0.94 mean_advantage=+2.875 (33.4s, 1.0s/move)
[00:20:41] step 325/2000: loss=0.0000 grad_norm=0.000 top_pick_rate=0.88 mean_advantage=+3.128 (33.2s, 1.0s/move)
[00:21:13] step 326/2000: loss=0.0000 grad_norm=0.000 top_pick_rate=1.00 mean_advantage=+3.126 (32.7s, 1.0s/move)
[00:21:46] step 327/2000: loss=0.0000 grad_norm=0.000 top_pick_rate=0.97 mean_advantage=+3.054 (33.0s, 1.0s/move)
[00:22:19] step 328/2000: loss=0.0000 grad_norm=0.000 top_pick_rate=0.97 mean_advantage=+3.074 (33.1s, 1.0s/move)
[00:22:53] step 329/2000: loss=0.0000 grad_norm=0.000 top_pick_rate=0.97 mean_advantage=+3.267 (33.2s, 1.0s/move)
[00:23:26] step 330/2000: loss=0.0000 grad_norm=0.000 top_pick_rate=1.00 mean_advantage=+3.491 (33.5s, 1.0s/move)
[00:24:00] step 331/2000: loss=0.0000 grad_norm=0.003 top_pick_rate=0.94 mean_advantage=+2.553 (33.4s, 1.0s/move)
[00:24:33] step 332/2000: loss=0.0000 grad_norm=0.000 top_pick_rate=0.97 mean_advantage=+3.262 (33.5s, 1.0s/move)
[00:25:06] step 333/2000: loss=0.0000 grad_norm=0.000 top_pick_rate=0.97 mean_advantage=+3.132 (33.3s, 1.0s/move)
[00:25:39] step 334/2000: loss=0.0000 grad_norm=0.000 top_pick_rate=0.94 mean_advantage=+2.844 (33.0s, 1.0s/move)
[00:26:12] step 335/2000: loss=0.0000 grad_norm=0.000 top_pick_rate=0.97 mean_advantage=+2.858 (32.4s, 1.0s/move)
[00:26:45] step 336/2000: loss=0.0000 grad_norm=0.000 top_pick_rate=0.94 mean_advantage=+2.873 (33.2s, 1.0s/move)
[00:27:18] step 337/2000: loss=0.0000 grad_norm=0.000 top_pick_rate=1.00 mean_advantage=+2.295 (33.2s, 1.0s/move)
[00:27:51] step 338/2000: loss=0.0000 grad_norm=0.000 top_pick_rate=0.97 mean_advantage=+3.054 (33.1s, 1.0s/move)
[00:28:24] step 339/2000: loss=0.0000 grad_norm=0.000 top_pick_rate=0.94 mean_advantage=+3.088 (32.3s, 1.0s/move)
[00:28:56] step 340/2000: loss=0.0000 grad_norm=0.001 top_pick_rate=0.94 mean_advantage=+3.215 (32.6s, 1.0s/move)
[00:29:29] step 341/2000: loss=0.0000 grad_norm=0.000 top_pick_rate=1.00 mean_advantage=+2.902 (32.3s, 1.0s/move)
[00:30:01] step 342/2000: loss=0.0000 grad_norm=0.000 top_pick_rate=0.94 mean_advantage=+3.044 (32.5s, 1.0s/move)
[00:30:34] step 343/2000: loss=0.0000 grad_norm=0.000 top_pick_rate=1.00 mean_advantage=+2.615 (32.5s, 1.0s/move)
[00:31:07] step 344/2000: loss=0.0000 grad_norm=0.000 top_pick_rate=1.00 mean_advantage=+3.608 (32.9s, 1.0s/move)
[00:31:39] step 345/2000: loss=0.0000 grad_norm=0.000 top_pick_rate=0.94 mean_advantage=+3.122 (32.5s, 1.0s/move)
[00:32:12] step 346/2000: loss=0.0000 grad_norm=0.000 top_pick_rate=0.94 mean_advantage=+2.972 (33.1s, 1.0s/move)
[00:32:45] step 347/2000: loss=0.0000 grad_norm=0.000 top_pick_rate=0.94 mean_advantage=+2.761 (33.2s, 1.0s/move)
[00:33:19] step 348/2000: loss=0.0000 grad_norm=0.000 top_pick_rate=0.97 mean_advantage=+2.729 (33.3s, 1.0s/move)
[00:33:52] step 349/2000: loss=0.0000 grad_norm=0.000 top_pick_rate=0.94 mean_advantage=+2.872 (33.1s, 1.0s/move)
[00:34:24] step 350/2000: loss=0.0000 grad_norm=0.000 top_pick_rate=0.97 mean_advantage=+2.732 (32.7s, 1.0s/move)
[00:40:15]   eval @ step 350: mean_score=17580 mean_lines=158.00 max_score=18100 (350s for 5 games)
[00:40:20] saved checkpoint: /vol/bennylin-solar/New/PACT/RL/runs/tetris-rl/step-350 (and latest/)
[00:40:53] step 351/2000: loss=0.0000 grad_norm=0.000 top_pick_rate=0.84 mean_advantage=+3.247 (32.6s, 1.0s/move)
[00:41:26] step 352/2000: loss=0.0000 grad_norm=0.000 top_pick_rate=0.97 mean_advantage=+3.286 (33.2s, 1.0s/move)
[00:41:59] step 353/2000: loss=0.0000 grad_norm=0.000 top_pick_rate=1.00 mean_advantage=+2.830 (33.3s, 1.0s/move)
[00:42:33] step 354/2000: loss=0.0000 grad_norm=0.000 top_pick_rate=0.94 mean_advantage=+3.214 (33.2s, 1.0s/move)
[00:43:06] step 355/2000: loss=0.0000 grad_norm=0.000 top_pick_rate=0.97 mean_advantage=+2.604 (33.6s, 1.1s/move)
[00:43:39] step 356/2000: loss=0.0000 grad_norm=0.000 top_pick_rate=1.00 mean_advantage=+3.237 (33.2s, 1.0s/move)
[00:44:12] step 357/2000: loss=0.0000 grad_norm=0.000 top_pick_rate=1.00 mean_advantage=+3.182 (32.7s, 1.0s/move)
[00:44:45] step 358/2000: loss=0.0000 grad_norm=0.000 top_pick_rate=0.94 mean_advantage=+2.514 (33.0s, 1.0s/move)
[00:45:18] step 359/2000: loss=0.0000 grad_norm=0.000 top_pick_rate=0.91 mean_advantage=+3.262 (33.2s, 1.0s/move)
[00:45:51] step 360/2000: loss=0.0000 grad_norm=0.000 top_pick_rate=1.00 mean_advantage=+3.355 (32.8s, 1.0s/move)
[00:46:25] step 361/2000: loss=0.0000 grad_norm=0.000 top_pick_rate=1.00 mean_advantage=+2.709 (33.3s, 1.0s/move)
[00:46:57] step 362/2000: loss=0.0000 grad_norm=0.000 top_pick_rate=0.91 mean_advantage=+2.616 (32.7s, 1.0s/move)
[00:47:30] step 363/2000: loss=0.0000 grad_norm=0.000 top_pick_rate=0.91 mean_advantage=+3.782 (33.1s, 1.0s/move)
[00:48:03] step 364/2000: loss=0.0000 grad_norm=0.000 top_pick_rate=0.97 mean_advantage=+2.478 (32.7s, 1.0s/move)
[00:48:36] step 365/2000: loss=0.0000 grad_norm=0.000 top_pick_rate=0.88 mean_advantage=+3.044 (32.6s, 1.0s/move)
[00:49:08] step 366/2000: loss=0.0000 grad_norm=0.000 top_pick_rate=0.91 mean_advantage=+2.728 (32.5s, 1.0s/move)
[00:49:41] step 367/2000: loss=0.0000 grad_norm=0.000 top_pick_rate=0.94 mean_advantage=+2.492 (32.9s, 1.0s/move)
[00:50:14] step 368/2000: loss=0.0000 grad_norm=0.000 top_pick_rate=0.97 mean_advantage=+3.036 (33.0s, 1.0s/move)
[00:50:46] step 369/2000: loss=0.0000 grad_norm=0.000 top_pick_rate=0.97 mean_advantage=+3.378 (32.4s, 1.0s/move)
[00:51:19] step 370/2000: loss=0.0000 grad_norm=0.000 top_pick_rate=0.97 mean_advantage=+3.079 (33.0s, 1.0s/move)
[00:51:53] step 371/2000: loss=0.0000 grad_norm=0.000 top_pick_rate=1.00 mean_advantage=+1.974 (33.4s, 1.0s/move)
[00:52:26] step 372/2000: loss=0.0000 grad_norm=0.000 top_pick_rate=0.94 mean_advantage=+2.829 (33.2s, 1.0s/move)
[00:52:59] step 373/2000: loss=0.0000 grad_norm=0.000 top_pick_rate=0.97 mean_advantage=+3.649 (32.8s, 1.0s/move)
[00:53:31] step 374/2000: loss=0.0000 grad_norm=0.000 top_pick_rate=0.91 mean_advantage=+2.710 (32.3s, 1.0s/move)
[00:54:04] step 375/2000: loss=0.0000 grad_norm=0.000 top_pick_rate=1.00 mean_advantage=+2.665 (32.6s, 1.0s/move)
[00:54:36] step 376/2000: loss=0.0000 grad_norm=0.000 top_pick_rate=1.00 mean_advantage=+3.120 (32.4s, 1.0s/move)
[00:55:09] step 377/2000: loss=0.0000 grad_norm=0.000 top_pick_rate=0.97 mean_advantage=+3.511 (32.8s, 1.0s/move)
[00:55:41] step 378/2000: loss=0.0000 grad_norm=0.000 top_pick_rate=0.97 mean_advantage=+2.927 (32.1s, 1.0s/move)
[00:56:13] step 379/2000: loss=0.0000 grad_norm=0.000 top_pick_rate=0.97 mean_advantage=+3.410 (32.4s, 1.0s/move)
[00:56:46] step 380/2000: loss=0.0025 grad_norm=10.894 top_pick_rate=0.91 mean_advantage=+2.970 (32.3s, 1.0s/move)
[00:57:18] step 381/2000: loss=0.0000 grad_norm=0.000 top_pick_rate=0.94 mean_advantage=+2.953 (32.6s, 1.0s/move)
[00:57:51] step 382/2000: loss=0.0000 grad_norm=0.000 top_pick_rate=0.97 mean_advantage=+3.202 (32.4s, 1.0s/move)
[00:58:23] step 383/2000: loss=0.0000 grad_norm=0.000 top_pick_rate=0.94 mean_advantage=+2.740 (32.2s, 1.0s/move)
[00:58:55] step 384/2000: loss=0.0000 grad_norm=0.000 top_pick_rate=0.97 mean_advantage=+2.571 (32.4s, 1.0s/move)
[00:59:28] step 385/2000: loss=0.0000 grad_norm=0.000 top_pick_rate=1.00 mean_advantage=+2.822 (32.2s, 1.0s/move)
[01:00:01] step 386/2000: loss=0.0000 grad_norm=0.000 top_pick_rate=0.97 mean_advantage=+2.954 (33.3s, 1.0s/move)
[01:00:34] step 387/2000: loss=0.0000 grad_norm=0.019 top_pick_rate=0.94 mean_advantage=+3.161 (33.4s, 1.0s/move)
[01:01:07] step 388/2000: loss=0.0000 grad_norm=0.000 top_pick_rate=0.97 mean_advantage=+3.209 (33.0s, 1.0s/move)
[01:01:40] step 389/2000: loss=0.0000 grad_norm=0.007 top_pick_rate=0.94 mean_advantage=+2.841 (33.1s, 1.0s/move)
[01:02:13] step 390/2000: loss=0.0000 grad_norm=0.000 top_pick_rate=0.97 mean_advantage=+3.499 (33.1s, 1.0s/move)
[01:02:46] step 391/2000: loss=0.0000 grad_norm=0.000 top_pick_rate=0.97 mean_advantage=+2.716 (32.8s, 1.0s/move)
[01:03:19] step 392/2000: loss=0.0000 grad_norm=0.000 top_pick_rate=1.00 mean_advantage=+2.557 (32.9s, 1.0s/move)
[01:03:52] step 393/2000: loss=0.0000 grad_norm=0.000 top_pick_rate=1.00 mean_advantage=+2.255 (32.6s, 1.0s/move)
[01:04:24] step 394/2000: loss=0.0000 grad_norm=0.000 top_pick_rate=1.00 mean_advantage=+3.429 (32.7s, 1.0s/move)
[01:04:58] step 395/2000: loss=0.0000 grad_norm=0.000 top_pick_rate=1.00 mean_advantage=+3.289 (33.1s, 1.0s/move)
[01:05:31] step 396/2000: loss=0.0000 grad_norm=0.000 top_pick_rate=1.00 mean_advantage=+3.044 (33.5s, 1.0s/move)
[01:06:05] step 397/2000: loss=0.0000 grad_norm=0.000 top_pick_rate=0.97 mean_advantage=+3.282 (33.5s, 1.0s/move)
[01:06:37] step 398/2000: loss=0.0000 grad_norm=0.000 top_pick_rate=0.97 mean_advantage=+2.383 (32.8s, 1.0s/move)
[01:07:11] step 399/2000: loss=0.0000 grad_norm=0.000 top_pick_rate=0.97 mean_advantage=+3.378 (33.4s, 1.0s/move)
[01:07:44] step 400/2000: loss=0.0000 grad_norm=0.000 top_pick_rate=0.97 mean_advantage=+2.835 (33.3s, 1.0s/move)
[01:13:34]   eval @ step 400: mean_score=17480 mean_lines=158.60 max_score=18100 (350s for 5 games)
[01:13:39] saved checkpoint: /vol/bennylin-solar/New/PACT/RL/runs/tetris-rl/step-400 (and latest/)
[01:14:12] step 401/2000: loss=0.0000 grad_norm=0.000 top_pick_rate=0.88 mean_advantage=+3.401 (32.7s, 1.0s/move)
[01:14:45] step 402/2000: loss=0.0000 grad_norm=0.000 top_pick_rate=0.97 mean_advantage=+3.143 (32.5s, 1.0s/move)
[01:15:17] step 403/2000: loss=0.0000 grad_norm=0.000 top_pick_rate=0.97 mean_advantage=+3.482 (32.1s, 1.0s/move)
[01:15:49] step 404/2000: loss=0.0000 grad_norm=0.000 top_pick_rate=1.00 mean_advantage=+2.974 (32.4s, 1.0s/move)
[01:16:22] step 405/2000: loss=0.0000 grad_norm=0.000 top_pick_rate=0.97 mean_advantage=+2.277 (32.4s, 1.0s/move)
[01:16:54] step 406/2000: loss=0.0000 grad_norm=0.000 top_pick_rate=0.97 mean_advantage=+2.372 (32.3s, 1.0s/move)
[01:17:27] step 407/2000: loss=0.0000 grad_norm=0.000 top_pick_rate=0.97 mean_advantage=+2.688 (33.0s, 1.0s/move)
[01:18:00] step 408/2000: loss=0.0000 grad_norm=0.000 top_pick_rate=1.00 mean_advantage=+2.560 (33.0s, 1.0s/move)
[01:18:33] step 409/2000: loss=0.0000 grad_norm=0.000 top_pick_rate=0.97 mean_advantage=+2.868 (33.2s, 1.0s/move)
[01:19:06] step 410/2000: loss=0.0000 grad_norm=0.000 top_pick_rate=0.97 mean_advantage=+2.920 (33.0s, 1.0s/move)
[01:19:39] step 411/2000: loss=0.0000 grad_norm=0.000 top_pick_rate=0.91 mean_advantage=+2.980 (32.6s, 1.0s/move)
[01:20:11] step 412/2000: loss=0.0000 grad_norm=0.000 top_pick_rate=1.00 mean_advantage=+3.113 (32.6s, 1.0s/move)
[01:20:45] step 413/2000: loss=0.0000 grad_norm=0.000 top_pick_rate=0.97 mean_advantage=+2.783 (33.1s, 1.0s/move)
[01:21:18] step 414/2000: loss=0.0000 grad_norm=0.000 top_pick_rate=0.94 mean_advantage=+2.756 (33.3s, 1.0s/move)
[01:21:51] step 415/2000: loss=0.0000 grad_norm=0.000 top_pick_rate=1.00 mean_advantage=+2.915 (33.4s, 1.0s/move)
[01:22:24] step 416/2000: loss=0.0000 grad_norm=0.000 top_pick_rate=0.97 mean_advantage=+3.208 (32.8s, 1.0s/move)
[01:22:57] step 417/2000: loss=0.0000 grad_norm=0.000 top_pick_rate=0.97 mean_advantage=+3.127 (33.3s, 1.0s/move)
[01:23:31] step 418/2000: loss=0.0000 grad_norm=0.000 top_pick_rate=0.94 mean_advantage=+3.165 (33.6s, 1.0s/move)
[01:24:04] step 419/2000: loss=0.0000 grad_norm=0.017 top_pick_rate=0.94 mean_advantage=+2.664 (32.7s, 1.0s/move)
[01:24:36] step 420/2000: loss=0.0000 grad_norm=0.000 top_pick_rate=1.00 mean_advantage=+2.569 (32.1s, 1.0s/move)
[01:25:08] step 421/2000: loss=0.0002 grad_norm=1.207 top_pick_rate=0.94 mean_advantage=+3.020 (32.7s, 1.0s/move)
[01:25:41] step 422/2000: loss=0.0000 grad_norm=0.000 top_pick_rate=1.00 mean_advantage=+3.129 (32.7s, 1.0s/move)
[01:26:14] step 423/2000: loss=0.0000 grad_norm=0.000 top_pick_rate=0.94 mean_advantage=+3.143 (32.9s, 1.0s/move)
[01:26:47] step 424/2000: loss=0.0000 grad_norm=0.000 top_pick_rate=0.97 mean_advantage=+3.857 (33.2s, 1.0s/move)
[01:27:20] step 425/2000: loss=0.0000 grad_norm=0.000 top_pick_rate=0.97 mean_advantage=+3.691 (33.2s, 1.0s/move)
[01:27:53] step 426/2000: loss=0.0000 grad_norm=0.000 top_pick_rate=0.97 mean_advantage=+3.007 (32.8s, 1.0s/move)
[01:28:26] step 427/2000: loss=0.0000 grad_norm=0.000 top_pick_rate=0.91 mean_advantage=+3.388 (33.1s, 1.0s/move)
[01:28:59] step 428/2000: loss=0.0000 grad_norm=0.000 top_pick_rate=0.97 mean_advantage=+2.812 (32.9s, 1.0s/move)
[01:29:32] step 429/2000: loss=0.0000 grad_norm=0.000 top_pick_rate=1.00 mean_advantage=+2.718 (33.2s, 1.0s/move)
[01:30:05] step 430/2000: loss=0.0000 grad_norm=0.000 top_pick_rate=0.91 mean_advantage=+3.553 (32.7s, 1.0s/move)
[01:30:38] step 431/2000: loss=0.0000 grad_norm=0.000 top_pick_rate=0.84 mean_advantage=+3.767 (33.1s, 1.0s/move)
[01:31:11] step 432/2000: loss=0.0000 grad_norm=0.000 top_pick_rate=1.00 mean_advantage=+2.697 (33.2s, 1.0s/move)
[01:31:44] step 433/2000: loss=0.0000 grad_norm=0.000 top_pick_rate=0.94 mean_advantage=+2.506 (32.6s, 1.0s/move)
[01:32:16] step 434/2000: loss=0.0000 grad_norm=0.000 top_pick_rate=0.91 mean_advantage=+3.116 (32.2s, 1.0s/move)
[01:32:49] step 435/2000: loss=0.0000 grad_norm=0.000 top_pick_rate=0.88 mean_advantage=+3.013 (32.9s, 1.0s/move)
[01:33:22] step 436/2000: loss=-0.0001 grad_norm=0.513 top_pick_rate=0.97 mean_advantage=+3.052 (32.3s, 1.0s/move)
[01:33:54] step 437/2000: loss=0.0000 grad_norm=0.000 top_pick_rate=0.97 mean_advantage=+2.844 (32.5s, 1.0s/move)
[01:34:27] step 438/2000: loss=0.0000 grad_norm=0.000 top_pick_rate=1.00 mean_advantage=+3.003 (32.9s, 1.0s/move)
[01:35:00] step 439/2000: loss=0.0000 grad_norm=0.000 top_pick_rate=0.94 mean_advantage=+3.911 (33.3s, 1.0s/move)
[01:35:33] step 440/2000: loss=0.0000 grad_norm=0.000 top_pick_rate=1.00 mean_advantage=+3.177 (33.1s, 1.0s/move)
[01:36:07] step 441/2000: loss=0.0000 grad_norm=0.000 top_pick_rate=0.91 mean_advantage=+3.063 (33.4s, 1.0s/move)
[01:36:40] step 442/2000: loss=0.0000 grad_norm=0.001 top_pick_rate=0.97 mean_advantage=+2.879 (33.1s, 1.0s/move)
[01:37:12] step 443/2000: loss=0.0000 grad_norm=0.000 top_pick_rate=0.97 mean_advantage=+3.159 (32.3s, 1.0s/move)
[01:37:45] step 444/2000: loss=0.0000 grad_norm=0.000 top_pick_rate=0.97 mean_advantage=+3.121 (32.5s, 1.0s/move)
[01:38:17] step 445/2000: loss=0.0000 grad_norm=0.000 top_pick_rate=0.97 mean_advantage=+2.931 (32.6s, 1.0s/move)
[01:38:50] step 446/2000: loss=0.0000 grad_norm=0.000 top_pick_rate=1.00 mean_advantage=+3.699 (32.3s, 1.0s/move)
[01:39:22] step 447/2000: loss=0.0000 grad_norm=0.000 top_pick_rate=0.94 mean_advantage=+2.813 (32.7s, 1.0s/move)
[01:39:55] step 448/2000: loss=0.0000 grad_norm=0.000 top_pick_rate=1.00 mean_advantage=+3.095 (32.9s, 1.0s/move)
[01:40:28] step 449/2000: loss=0.0000 grad_norm=0.004 top_pick_rate=0.94 mean_advantage=+3.202 (32.7s, 1.0s/move)
[01:41:01] step 450/2000: loss=0.0000 grad_norm=0.000 top_pick_rate=0.97 mean_advantage=+2.965 (33.3s, 1.0s/move)
[01:46:52]   eval @ step 450: mean_score=17420 mean_lines=158.20 max_score=18100 (351s for 5 games)
[01:46:57] saved checkpoint: /vol/bennylin-solar/New/PACT/RL/runs/tetris-rl/step-450 (and latest/)
[01:47:30] step 451/2000: loss=0.0000 grad_norm=0.000 top_pick_rate=1.00 mean_advantage=+2.780 (32.7s, 1.0s/move)
[01:48:03] step 452/2000: loss=0.0000 grad_norm=0.000 top_pick_rate=0.97 mean_advantage=+2.906 (33.3s, 1.0s/move)
[01:48:36] step 453/2000: loss=0.0000 grad_norm=0.000 top_pick_rate=0.91 mean_advantage=+2.625 (33.0s, 1.0s/move)
[01:49:09] step 454/2000: loss=0.0000 grad_norm=0.000 top_pick_rate=0.94 mean_advantage=+3.293 (32.6s, 1.0s/move)
[01:49:42] step 455/2000: loss=0.0000 grad_norm=0.000 top_pick_rate=1.00 mean_advantage=+3.265 (33.4s, 1.0s/move)
[01:50:15] step 456/2000: loss=0.0000 grad_norm=0.000 top_pick_rate=1.00 mean_advantage=+2.225 (33.1s, 1.0s/move)
[01:50:48] step 457/2000: loss=0.0000 grad_norm=0.000 top_pick_rate=1.00 mean_advantage=+3.715 (33.2s, 1.0s/move)
[01:51:21] step 458/2000: loss=0.0000 grad_norm=0.000 top_pick_rate=0.88 mean_advantage=+2.869 (32.5s, 1.0s/move)
[01:51:54] step 459/2000: loss=0.0000 grad_norm=0.000 top_pick_rate=0.94 mean_advantage=+2.514 (33.2s, 1.0s/move)
[01:52:27] step 460/2000: loss=0.0000 grad_norm=0.000 top_pick_rate=1.00 mean_advantage=+3.113 (32.9s, 1.0s/move)
[01:52:59] step 461/2000: loss=0.0000 grad_norm=0.000 top_pick_rate=0.97 mean_advantage=+3.312 (32.5s, 1.0s/move)
[01:53:32] step 462/2000: loss=0.0000 grad_norm=0.000 top_pick_rate=0.97 mean_advantage=+3.401 (32.3s, 1.0s/move)
[01:54:04] step 463/2000: loss=0.0000 grad_norm=0.000 top_pick_rate=1.00 mean_advantage=+3.428 (32.5s, 1.0s/move)
[01:54:37] step 464/2000: loss=0.0000 grad_norm=0.000 top_pick_rate=0.94 mean_advantage=+2.768 (32.6s, 1.0s/move)
[01:55:09] step 465/2000: loss=0.0000 grad_norm=0.000 top_pick_rate=1.00 mean_advantage=+3.230 (32.3s, 1.0s/move)
[01:55:41] step 466/2000: loss=0.0000 grad_norm=0.000 top_pick_rate=0.94 mean_advantage=+3.623 (32.4s, 1.0s/move)
[01:56:14] step 467/2000: loss=0.0000 grad_norm=0.000 top_pick_rate=1.00 mean_advantage=+2.723 (32.5s, 1.0s/move)
[01:56:46] step 468/2000: loss=0.0000 grad_norm=0.000 top_pick_rate=0.94 mean_advantage=+3.080 (32.2s, 1.0s/move)
[01:57:19] step 469/2000: loss=0.0000 grad_norm=0.000 top_pick_rate=0.97 mean_advantage=+2.864 (32.8s, 1.0s/move)
[01:57:52] step 470/2000: loss=0.0000 grad_norm=0.000 top_pick_rate=1.00 mean_advantage=+3.620 (33.3s, 1.0s/move)
[01:58:26] step 471/2000: loss=0.0000 grad_norm=0.000 top_pick_rate=0.91 mean_advantage=+2.967 (33.5s, 1.0s/move)
[01:58:59] step 472/2000: loss=0.0000 grad_norm=0.000 top_pick_rate=0.97 mean_advantage=+3.461 (33.5s, 1.0s/move)
[01:59:32] step 473/2000: loss=0.0000 grad_norm=0.000 top_pick_rate=0.97 mean_advantage=+2.993 (33.3s, 1.0s/move)
[02:00:05] step 474/2000: loss=0.0000 grad_norm=0.000 top_pick_rate=1.00 mean_advantage=+2.638 (33.0s, 1.0s/move)
[02:00:39] step 475/2000: loss=0.0000 grad_norm=0.000 top_pick_rate=0.88 mean_advantage=+2.666 (33.2s, 1.0s/move)
[02:01:12] step 476/2000: loss=0.0000 grad_norm=0.000 top_pick_rate=0.94 mean_advantage=+2.400 (33.2s, 1.0s/move)
[02:01:45] step 477/2000: loss=0.0000 grad_norm=0.000 top_pick_rate=0.94 mean_advantage=+2.889 (33.3s, 1.0s/move)
[02:02:18] step 478/2000: loss=0.0000 grad_norm=0.000 top_pick_rate=0.97 mean_advantage=+2.850 (33.1s, 1.0s/move)
[02:02:51] step 479/2000: loss=0.0000 grad_norm=0.004 top_pick_rate=0.97 mean_advantage=+3.246 (33.0s, 1.0s/move)
[02:03:25] step 480/2000: loss=0.0000 grad_norm=0.000 top_pick_rate=0.94 mean_advantage=+2.943 (33.5s, 1.0s/move)
[02:03:59] step 481/2000: loss=0.0000 grad_norm=0.000 top_pick_rate=0.91 mean_advantage=+2.941 (33.7s, 1.1s/move)
[02:04:32] step 482/2000: loss=0.0000 grad_norm=0.000 top_pick_rate=1.00 mean_advantage=+3.047 (33.2s, 1.0s/move)
[02:05:04] step 483/2000: loss=0.0000 grad_norm=0.000 top_pick_rate=0.88 mean_advantage=+3.283 (32.5s, 1.0s/move)
[02:05:37] step 484/2000: loss=0.0000 grad_norm=0.000 top_pick_rate=1.00 mean_advantage=+2.970 (32.6s, 1.0s/move)
[02:06:09] step 485/2000: loss=0.0000 grad_norm=0.000 top_pick_rate=1.00 mean_advantage=+2.447 (32.5s, 1.0s/move)
[02:06:42] step 486/2000: loss=0.0000 grad_norm=0.000 top_pick_rate=0.97 mean_advantage=+2.660 (32.7s, 1.0s/move)
[02:07:14] step 487/2000: loss=0.0000 grad_norm=0.000 top_pick_rate=0.91 mean_advantage=+3.082 (32.3s, 1.0s/move)
[02:07:47] step 488/2000: loss=0.0000 grad_norm=0.000 top_pick_rate=0.94 mean_advantage=+2.972 (32.5s, 1.0s/move)
[02:08:19] step 489/2000: loss=0.0000 grad_norm=0.000 top_pick_rate=0.97 mean_advantage=+2.852 (32.5s, 1.0s/move)
[02:08:52] step 490/2000: loss=0.0000 grad_norm=0.000 top_pick_rate=0.88 mean_advantage=+3.163 (32.3s, 1.0s/move)
[02:09:24] step 491/2000: loss=0.0003 grad_norm=1.131 top_pick_rate=0.94 mean_advantage=+2.694 (32.6s, 1.0s/move)
[02:09:58] step 492/2000: loss=0.0000 grad_norm=0.000 top_pick_rate=0.84 mean_advantage=+3.417 (33.3s, 1.0s/move)
[02:10:30] step 493/2000: loss=0.0000 grad_norm=0.000 top_pick_rate=0.97 mean_advantage=+3.082 (32.3s, 1.0s/move)
[02:11:02] step 494/2000: loss=0.0000 grad_norm=0.000 top_pick_rate=0.94 mean_advantage=+3.540 (32.4s, 1.0s/move)
[02:11:35] step 495/2000: loss=0.0000 grad_norm=0.000 top_pick_rate=0.97 mean_advantage=+3.451 (32.5s, 1.0s/move)
[02:12:08] step 496/2000: loss=0.0000 grad_norm=0.000 top_pick_rate=0.97 mean_advantage=+3.245 (32.5s, 1.0s/move)
[02:12:40] step 497/2000: loss=0.0000 grad_norm=0.000 top_pick_rate=0.97 mean_advantage=+3.328 (32.8s, 1.0s/move)
[02:13:14] step 498/2000: loss=0.0000 grad_norm=0.000 top_pick_rate=1.00 mean_advantage=+2.529 (33.3s, 1.0s/move)
[02:13:47] step 499/2000: loss=0.0000 grad_norm=0.000 top_pick_rate=0.94 mean_advantage=+2.592 (33.5s, 1.0s/move)
[02:14:20] step 500/2000: loss=0.0000 grad_norm=0.000 top_pick_rate=1.00 mean_advantage=+3.721 (32.9s, 1.0s/move)
[02:20:11]   eval @ step 500: mean_score=17280 mean_lines=158.40 max_score=17900 (351s for 5 games)
[02:20:17] saved checkpoint: /vol/bennylin-solar/New/PACT/RL/runs/tetris-rl/step-500 (and latest/)
[02:20:50] step 501/2000: loss=0.0000 grad_norm=0.000 top_pick_rate=0.97 mean_advantage=+3.096 (33.1s, 1.0s/move)
[02:21:23] step 502/2000: loss=0.0000 grad_norm=0.000 top_pick_rate=1.00 mean_advantage=+2.651 (33.0s, 1.0s/move)
[02:21:56] step 503/2000: loss=0.0007 grad_norm=9.016 top_pick_rate=1.00 mean_advantage=+2.914 (33.0s, 1.0s/move)
[02:22:29] step 504/2000: loss=0.0000 grad_norm=0.000 top_pick_rate=0.88 mean_advantage=+3.203 (32.9s, 1.0s/move)
[02:23:02] step 505/2000: loss=0.0000 grad_norm=0.000 top_pick_rate=0.94 mean_advantage=+3.223 (33.2s, 1.0s/move)
[02:23:36] step 506/2000: loss=0.0000 grad_norm=0.089 top_pick_rate=0.97 mean_advantage=+2.498 (33.4s, 1.0s/move)
[02:24:09] step 507/2000: loss=0.0000 grad_norm=0.000 top_pick_rate=1.00 mean_advantage=+2.692 (33.6s, 1.0s/move)
[02:24:43] step 508/2000: loss=0.0000 grad_norm=0.000 top_pick_rate=0.97 mean_advantage=+2.913 (33.9s, 1.1s/move)
[02:25:16] step 509/2000: loss=0.0000 grad_norm=0.000 top_pick_rate=1.00 mean_advantage=+3.204 (33.2s, 1.0s/move)
[02:25:50] step 510/2000: loss=0.0000 grad_norm=0.000 top_pick_rate=0.97 mean_advantage=+3.003 (33.4s, 1.0s/move)
[02:26:23] step 511/2000: loss=0.0000 grad_norm=0.000 top_pick_rate=0.91 mean_advantage=+3.036 (33.6s, 1.0s/move)
[02:26:57] step 512/2000: loss=0.0000 grad_norm=0.000 top_pick_rate=0.97 mean_advantage=+2.814 (33.4s, 1.0s/move)
[02:27:30] step 513/2000: loss=0.0000 grad_norm=0.000 top_pick_rate=0.97 mean_advantage=+3.103 (33.0s, 1.0s/move)
[02:28:03] step 514/2000: loss=0.0000 grad_norm=0.000 top_pick_rate=0.94 mean_advantage=+3.269 (33.3s, 1.0s/move)
[02:28:36] step 515/2000: loss=0.0000 grad_norm=0.000 top_pick_rate=0.97 mean_advantage=+3.540 (33.0s, 1.0s/move)
[02:29:09] step 516/2000: loss=0.0000 grad_norm=0.000 top_pick_rate=1.00 mean_advantage=+2.769 (33.3s, 1.0s/move)
[02:29:42] step 517/2000: loss=0.0000 grad_norm=0.000 top_pick_rate=1.00 mean_advantage=+2.940 (33.1s, 1.0s/move)
[02:30:15] step 518/2000: loss=0.0000 grad_norm=0.000 top_pick_rate=0.97 mean_advantage=+2.551 (33.2s, 1.0s/move)
[02:30:49] step 519/2000: loss=0.0000 grad_norm=0.000 top_pick_rate=0.94 mean_advantage=+3.113 (33.6s, 1.0s/move)
[02:31:22] step 520/2000: loss=0.0000 grad_norm=0.000 top_pick_rate=0.94 mean_advantage=+2.808 (33.3s, 1.0s/move)
[02:31:55] step 521/2000: loss=0.0000 grad_norm=0.000 top_pick_rate=0.94 mean_advantage=+3.136 (33.1s, 1.0s/move)
[02:32:29] step 522/2000: loss=0.0000 grad_norm=0.000 top_pick_rate=0.97 mean_advantage=+2.921 (33.5s, 1.0s/move)
[02:33:03] step 523/2000: loss=0.0000 grad_norm=0.000 top_pick_rate=0.94 mean_advantage=+3.403 (33.7s, 1.1s/move)
[02:33:36] step 524/2000: loss=0.0000 grad_norm=0.000 top_pick_rate=1.00 mean_advantage=+2.609 (33.4s, 1.0s/move)
[02:34:10] step 525/2000: loss=0.0000 grad_norm=0.000 top_pick_rate=0.97 mean_advantage=+3.193 (33.5s, 1.0s/move)
[02:34:43] step 526/2000: loss=0.0000 grad_norm=0.000 top_pick_rate=0.97 mean_advantage=+3.502 (33.1s, 1.0s/move)
[02:35:15] step 527/2000: loss=0.0000 grad_norm=0.000 top_pick_rate=0.97 mean_advantage=+3.934 (32.3s, 1.0s/move)
[02:35:48] step 528/2000: loss=0.0000 grad_norm=0.000 top_pick_rate=0.97 mean_advantage=+3.030 (32.5s, 1.0s/move)
[02:36:20] step 529/2000: loss=0.0000 grad_norm=0.000 top_pick_rate=0.97 mean_advantage=+2.484 (32.6s, 1.0s/move)
[02:36:53] step 530/2000: loss=0.0000 grad_norm=0.000 top_pick_rate=1.00 mean_advantage=+2.127 (33.1s, 1.0s/move)
[02:37:26] step 531/2000: loss=0.0002 grad_norm=0.416 top_pick_rate=0.97 mean_advantage=+2.405 (32.2s, 1.0s/move)
[02:37:59] step 532/2000: loss=0.0000 grad_norm=0.000 top_pick_rate=1.00 mean_advantage=+3.170 (33.3s, 1.0s/move)
[02:38:32] step 533/2000: loss=0.0000 grad_norm=0.000 top_pick_rate=0.97 mean_advantage=+2.274 (33.1s, 1.0s/move)
[02:39:05] step 534/2000: loss=0.0000 grad_norm=0.151 top_pick_rate=0.97 mean_advantage=+3.235 (33.1s, 1.0s/move)
[02:39:38] step 535/2000: loss=0.0002 grad_norm=1.875 top_pick_rate=0.97 mean_advantage=+2.596 (33.0s, 1.0s/move)
[02:40:12] step 536/2000: loss=0.0000 grad_norm=0.000 top_pick_rate=1.00 mean_advantage=+2.987 (33.3s, 1.0s/move)
[02:40:45] step 537/2000: loss=0.0000 grad_norm=0.000 top_pick_rate=0.94 mean_advantage=+2.824 (33.4s, 1.0s/move)
[02:41:18] step 538/2000: loss=0.0000 grad_norm=0.000 top_pick_rate=0.91 mean_advantage=+3.001 (33.2s, 1.0s/move)
[02:41:52] step 539/2000: loss=0.0000 grad_norm=0.000 top_pick_rate=0.91 mean_advantage=+3.143 (33.5s, 1.0s/move)
[02:42:25] step 540/2000: loss=0.0000 grad_norm=0.000 top_pick_rate=0.97 mean_advantage=+2.364 (33.0s, 1.0s/move)
[02:42:58] step 541/2000: loss=0.0000 grad_norm=0.000 top_pick_rate=1.00 mean_advantage=+2.992 (33.3s, 1.0s/move)
[02:43:31] step 542/2000: loss=0.0000 grad_norm=0.000 top_pick_rate=1.00 mean_advantage=+3.269 (33.1s, 1.0s/move)
[02:44:05] step 543/2000: loss=0.0000 grad_norm=0.000 top_pick_rate=0.97 mean_advantage=+2.490 (33.6s, 1.0s/move)
[02:44:37] step 544/2000: loss=0.0000 grad_norm=0.000 top_pick_rate=0.97 mean_advantage=+2.497 (32.8s, 1.0s/move)
[02:45:11] step 545/2000: loss=0.0000 grad_norm=0.000 top_pick_rate=0.97 mean_advantage=+2.882 (33.3s, 1.0s/move)
[02:45:44] step 546/2000: loss=0.0000 grad_norm=0.000 top_pick_rate=1.00 mean_advantage=+3.004 (33.2s, 1.0s/move)
[02:46:17] step 547/2000: loss=0.0000 grad_norm=0.000 top_pick_rate=0.97 mean_advantage=+3.266 (33.5s, 1.0s/move)
[02:46:51] step 548/2000: loss=0.0000 grad_norm=0.000 top_pick_rate=1.00 mean_advantage=+2.480 (33.5s, 1.0s/move)
[02:47:24] step 549/2000: loss=0.0000 grad_norm=0.000 top_pick_rate=1.00 mean_advantage=+3.405 (33.1s, 1.0s/move)
[02:47:57] step 550/2000: loss=0.0000 grad_norm=0.000 top_pick_rate=0.91 mean_advantage=+3.002 (33.3s, 1.0s/move)
[02:53:48]   eval @ step 550: mean_score=17200 mean_lines=157.80 max_score=17600 (350s for 5 games)
[02:53:53] saved checkpoint: /vol/bennylin-solar/New/PACT/RL/runs/tetris-rl/step-550 (and latest/)
[02:54:26] step 551/2000: loss=0.0000 grad_norm=0.000 top_pick_rate=0.97 mean_advantage=+2.401 (33.0s, 1.0s/move)
[02:54:58] step 552/2000: loss=0.0000 grad_norm=0.000 top_pick_rate=0.97 mean_advantage=+2.919 (32.2s, 1.0s/move)
[02:55:31] step 553/2000: loss=0.0000 grad_norm=0.000 top_pick_rate=1.00 mean_advantage=+2.884 (32.5s, 1.0s/move)
[02:56:03] step 554/2000: loss=0.0000 grad_norm=0.000 top_pick_rate=0.94 mean_advantage=+3.481 (32.3s, 1.0s/move)
[02:56:36] step 555/2000: loss=0.0000 grad_norm=0.000 top_pick_rate=1.00 mean_advantage=+2.559 (32.5s, 1.0s/move)
[02:57:09] step 556/2000: loss=0.0000 grad_norm=0.000 top_pick_rate=1.00 mean_advantage=+2.466 (32.8s, 1.0s/move)
[02:57:42] step 557/2000: loss=0.0000 grad_norm=0.000 top_pick_rate=1.00 mean_advantage=+3.044 (33.0s, 1.0s/move)
[02:58:15] step 558/2000: loss=0.0000 grad_norm=0.000 top_pick_rate=0.97 mean_advantage=+3.003 (33.2s, 1.0s/move)
[02:58:48] step 559/2000: loss=0.0000 grad_norm=0.000 top_pick_rate=1.00 mean_advantage=+2.833 (33.5s, 1.0s/move)
[02:59:22] step 560/2000: loss=0.0000 grad_norm=0.000 top_pick_rate=1.00 mean_advantage=+3.744 (33.4s, 1.0s/move)
[02:59:55] step 561/2000: loss=0.0000 grad_norm=0.000 top_pick_rate=0.97 mean_advantage=+3.017 (33.1s, 1.0s/move)
[03:00:28] step 562/2000: loss=0.0000 grad_norm=0.000 top_pick_rate=1.00 mean_advantage=+3.392 (33.0s, 1.0s/move)
[03:01:01] step 563/2000: loss=0.0000 grad_norm=0.000 top_pick_rate=1.00 mean_advantage=+2.644 (33.2s, 1.0s/move)
[03:01:34] step 564/2000: loss=0.0000 grad_norm=0.000 top_pick_rate=0.97 mean_advantage=+3.199 (32.6s, 1.0s/move)
[03:02:07] step 565/2000: loss=0.0000 grad_norm=0.000 top_pick_rate=0.97 mean_advantage=+2.695 (33.1s, 1.0s/move)
[03:02:40] step 566/2000: loss=0.0000 grad_norm=0.000 top_pick_rate=1.00 mean_advantage=+2.396 (33.2s, 1.0s/move)
[03:03:13] step 567/2000: loss=0.0000 grad_norm=0.000 top_pick_rate=1.00 mean_advantage=+2.985 (33.1s, 1.0s/move)
[03:03:46] step 568/2000: loss=0.0000 grad_norm=0.000 top_pick_rate=1.00 mean_advantage=+3.146 (33.4s, 1.0s/move)
[03:04:19] step 569/2000: loss=0.0000 grad_norm=0.000 top_pick_rate=1.00 mean_advantage=+3.092 (33.0s, 1.0s/move)
[03:04:52] step 570/2000: loss=0.0000 grad_norm=0.000 top_pick_rate=0.97 mean_advantage=+2.874 (32.6s, 1.0s/move)
[03:05:25] step 571/2000: loss=0.0000 grad_norm=0.000 top_pick_rate=1.00 mean_advantage=+3.241 (32.6s, 1.0s/move)
[03:05:57] step 572/2000: loss=0.0000 grad_norm=0.000 top_pick_rate=1.00 mean_advantage=+3.412 (32.4s, 1.0s/move)
[03:06:29] step 573/2000: loss=0.0000 grad_norm=0.000 top_pick_rate=0.97 mean_advantage=+3.170 (32.4s, 1.0s/move)
[03:07:02] step 574/2000: loss=0.0000 grad_norm=0.000 top_pick_rate=1.00 mean_advantage=+2.158 (32.5s, 1.0s/move)
[03:07:34] step 575/2000: loss=0.0000 grad_norm=0.000 top_pick_rate=1.00 mean_advantage=+1.865 (32.3s, 1.0s/move)
[03:08:07] step 576/2000: loss=0.0000 grad_norm=0.000 top_pick_rate=0.97 mean_advantage=+3.880 (32.6s, 1.0s/move)
[03:08:40] step 577/2000: loss=0.0000 grad_norm=0.000 top_pick_rate=1.00 mean_advantage=+3.064 (33.0s, 1.0s/move)
[03:09:12] step 578/2000: loss=0.0000 grad_norm=0.000 top_pick_rate=0.94 mean_advantage=+2.935 (32.4s, 1.0s/move)
[03:09:45] step 579/2000: loss=0.0000 grad_norm=0.000 top_pick_rate=0.97 mean_advantage=+2.767 (32.4s, 1.0s/move)
[03:10:17] step 580/2000: loss=0.0000 grad_norm=0.000 top_pick_rate=1.00 mean_advantage=+2.848 (32.4s, 1.0s/move)
[03:10:49] step 581/2000: loss=0.0000 grad_norm=0.000 top_pick_rate=1.00 mean_advantage=+2.297 (32.2s, 1.0s/move)
[03:11:22] step 582/2000: loss=0.0000 grad_norm=0.000 top_pick_rate=0.97 mean_advantage=+3.282 (32.8s, 1.0s/move)
[03:11:55] step 583/2000: loss=0.0000 grad_norm=0.000 top_pick_rate=1.00 mean_advantage=+2.914 (33.1s, 1.0s/move)
[03:12:27] step 584/2000: loss=0.0000 grad_norm=0.000 top_pick_rate=1.00 mean_advantage=+2.843 (32.3s, 1.0s/move)
[03:13:01] step 585/2000: loss=0.0000 grad_norm=0.000 top_pick_rate=1.00 mean_advantage=+2.808 (33.4s, 1.0s/move)
[03:13:33] step 586/2000: loss=0.0000 grad_norm=0.000 top_pick_rate=1.00 mean_advantage=+2.813 (32.6s, 1.0s/move)
[03:14:06] step 587/2000: loss=0.0000 grad_norm=0.000 top_pick_rate=0.97 mean_advantage=+2.700 (33.2s, 1.0s/move)
[03:14:40] step 588/2000: loss=0.0000 grad_norm=0.000 top_pick_rate=1.00 mean_advantage=+2.493 (33.1s, 1.0s/move)
[03:15:12] step 589/2000: loss=0.0000 grad_norm=0.000 top_pick_rate=1.00 mean_advantage=+3.100 (32.9s, 1.0s/move)
[03:15:46] step 590/2000: loss=0.0000 grad_norm=0.000 top_pick_rate=1.00 mean_advantage=+2.858 (33.1s, 1.0s/move)
[03:16:19] step 591/2000: loss=0.0000 grad_norm=0.000 top_pick_rate=0.97 mean_advantage=+3.003 (33.2s, 1.0s/move)
[03:16:52] step 592/2000: loss=0.0000 grad_norm=0.000 top_pick_rate=1.00 mean_advantage=+2.705 (33.1s, 1.0s/move)
[03:17:25] step 593/2000: loss=0.0000 grad_norm=0.000 top_pick_rate=1.00 mean_advantage=+2.653 (33.3s, 1.0s/move)
[03:17:59] step 594/2000: loss=0.0000 grad_norm=0.000 top_pick_rate=0.97 mean_advantage=+2.573 (33.3s, 1.0s/move)
[03:18:31] step 595/2000: loss=0.0000 grad_norm=0.000 top_pick_rate=1.00 mean_advantage=+3.605 (32.8s, 1.0s/move)
[03:19:04] step 596/2000: loss=0.0000 grad_norm=0.000 top_pick_rate=0.97 mean_advantage=+2.972 (32.6s, 1.0s/move)
[03:19:37] step 597/2000: loss=0.0000 grad_norm=0.000 top_pick_rate=0.97 mean_advantage=+3.185 (33.2s, 1.0s/move)
[03:20:11] step 598/2000: loss=0.0000 grad_norm=0.000 top_pick_rate=1.00 mean_advantage=+2.554 (33.4s, 1.0s/move)
[03:20:44] step 599/2000: loss=0.0000 grad_norm=0.000 top_pick_rate=1.00 mean_advantage=+2.093 (33.4s, 1.0s/move)
[03:21:18] step 600/2000: loss=0.0000 grad_norm=0.000 top_pick_rate=0.97 mean_advantage=+3.335 (33.3s, 1.0s/move)
[03:27:08]   eval @ step 600: mean_score=17420 mean_lines=158.80 max_score=18300 (350s for 5 games)
[03:27:13] saved checkpoint: /vol/bennylin-solar/New/PACT/RL/runs/tetris-rl/step-600 (and latest/)
[03:27:47] step 601/2000: loss=0.0000 grad_norm=0.000 top_pick_rate=1.00 mean_advantage=+2.809 (33.5s, 1.0s/move)
[03:28:20] step 602/2000: loss=0.0000 grad_norm=0.000 top_pick_rate=1.00 mean_advantage=+3.319 (33.4s, 1.0s/move)
[03:28:53] step 603/2000: loss=0.0000 grad_norm=0.000 top_pick_rate=1.00 mean_advantage=+2.668 (33.2s, 1.0s/move)
[03:29:27] step 604/2000: loss=0.0000 grad_norm=0.000 top_pick_rate=0.97 mean_advantage=+2.984 (33.4s, 1.0s/move)
[03:30:00] step 605/2000: loss=0.0000 grad_norm=0.000 top_pick_rate=1.00 mean_advantage=+2.937 (33.3s, 1.0s/move)
[03:30:34] step 606/2000: loss=0.0000 grad_norm=0.000 top_pick_rate=0.94 mean_advantage=+2.621 (33.3s, 1.0s/move)
[03:31:06] step 607/2000: loss=0.0000 grad_norm=0.000 top_pick_rate=0.97 mean_advantage=+2.755 (33.0s, 1.0s/move)
[03:31:39] step 608/2000: loss=0.0000 grad_norm=0.000 top_pick_rate=0.97 mean_advantage=+3.727 (32.6s, 1.0s/move)
[03:32:13] step 609/2000: loss=0.0000 grad_norm=0.000 top_pick_rate=1.00 mean_advantage=+3.440 (33.4s, 1.0s/move)
[03:32:46] step 610/2000: loss=0.0000 grad_norm=0.000 top_pick_rate=1.00 mean_advantage=+2.336 (33.4s, 1.0s/move)
[03:33:20] step 611/2000: loss=0.0000 grad_norm=0.000 top_pick_rate=1.00 mean_advantage=+3.182 (33.6s, 1.0s/move)
[03:33:53] step 612/2000: loss=0.0000 grad_norm=0.000 top_pick_rate=1.00 mean_advantage=+2.777 (33.1s, 1.0s/move)
[03:34:26] step 613/2000: loss=0.0000 grad_norm=0.000 top_pick_rate=0.97 mean_advantage=+3.117 (33.6s, 1.1s/move)
[03:35:00] step 614/2000: loss=0.0000 grad_norm=0.000 top_pick_rate=1.00 mean_advantage=+3.298 (33.2s, 1.0s/move)
[03:35:32] step 615/2000: loss=0.0000 grad_norm=0.000 top_pick_rate=0.97 mean_advantage=+2.539 (32.3s, 1.0s/move)
[03:36:04] step 616/2000: loss=0.0000 grad_norm=0.000 top_pick_rate=1.00 mean_advantage=+2.901 (32.5s, 1.0s/move)
[03:36:37] step 617/2000: loss=0.0000 grad_norm=0.000 top_pick_rate=0.97 mean_advantage=+3.081 (32.6s, 1.0s/move)
[03:37:10] step 618/2000: loss=0.0000 grad_norm=0.000 top_pick_rate=0.97 mean_advantage=+2.957 (33.6s, 1.0s/move)
[03:37:43] step 619/2000: loss=0.0000 grad_norm=0.000 top_pick_rate=1.00 mean_advantage=+2.668 (32.9s, 1.0s/move)
[03:38:16] step 620/2000: loss=0.0000 grad_norm=0.000 top_pick_rate=0.97 mean_advantage=+2.964 (32.7s, 1.0s/move)
[03:38:49] step 621/2000: loss=0.0000 grad_norm=0.000 top_pick_rate=1.00 mean_advantage=+3.310 (32.8s, 1.0s/move)
[03:39:22] step 622/2000: loss=0.0000 grad_norm=0.000 top_pick_rate=1.00 mean_advantage=+3.643 (33.1s, 1.0s/move)
[03:39:55] step 623/2000: loss=0.0000 grad_norm=0.000 top_pick_rate=1.00 mean_advantage=+2.389 (33.1s, 1.0s/move)
[03:40:28] step 624/2000: loss=0.0000 grad_norm=0.000 top_pick_rate=1.00 mean_advantage=+2.863 (33.1s, 1.0s/move)
[03:41:00] step 625/2000: loss=0.0000 grad_norm=0.000 top_pick_rate=1.00 mean_advantage=+3.317 (32.2s, 1.0s/move)
[03:41:33] step 626/2000: loss=0.0000 grad_norm=0.000 top_pick_rate=1.00 mean_advantage=+3.009 (32.6s, 1.0s/move)
[03:42:06] step 627/2000: loss=0.0000 grad_norm=0.000 top_pick_rate=1.00 mean_advantage=+2.386 (32.7s, 1.0s/move)
[03:42:38] step 628/2000: loss=0.0000 grad_norm=0.000 top_pick_rate=1.00 mean_advantage=+3.283 (32.2s, 1.0s/move)
[03:43:10] step 629/2000: loss=0.0000 grad_norm=0.000 top_pick_rate=0.97 mean_advantage=+3.698 (32.4s, 1.0s/move)
[03:43:43] step 630/2000: loss=0.0000 grad_norm=0.000 top_pick_rate=0.97 mean_advantage=+2.612 (32.3s, 1.0s/move)
[03:44:15] step 631/2000: loss=0.0000 grad_norm=0.000 top_pick_rate=1.00 mean_advantage=+2.964 (32.6s, 1.0s/move)
[03:44:48] step 632/2000: loss=0.0000 grad_norm=0.000 top_pick_rate=0.97 mean_advantage=+2.414 (32.7s, 1.0s/move)
[03:45:21] step 633/2000: loss=0.0000 grad_norm=0.000 top_pick_rate=1.00 mean_advantage=+2.919 (33.0s, 1.0s/move)
[03:45:54] step 634/2000: loss=0.0000 grad_norm=0.000 top_pick_rate=1.00 mean_advantage=+3.147 (32.6s, 1.0s/move)
[03:46:26] step 635/2000: loss=0.0000 grad_norm=0.000 top_pick_rate=1.00 mean_advantage=+2.973 (32.4s, 1.0s/move)
[03:46:59] step 636/2000: loss=0.0000 grad_norm=0.000 top_pick_rate=1.00 mean_advantage=+2.591 (32.9s, 1.0s/move)
[03:47:33] step 637/2000: loss=0.0000 grad_norm=0.000 top_pick_rate=1.00 mean_advantage=+3.109 (33.6s, 1.1s/move)
[03:48:06] step 638/2000: loss=0.0000 grad_norm=0.000 top_pick_rate=1.00 mean_advantage=+2.160 (33.3s, 1.0s/move)
[03:48:39] step 639/2000: loss=0.0000 grad_norm=0.000 top_pick_rate=1.00 mean_advantage=+3.372 (32.9s, 1.0s/move)
[03:49:12] step 640/2000: loss=0.0000 grad_norm=0.000 top_pick_rate=1.00 mean_advantage=+3.109 (33.2s, 1.0s/move)
[03:49:45] step 641/2000: loss=0.0000 grad_norm=0.000 top_pick_rate=1.00 mean_advantage=+2.787 (33.2s, 1.0s/move)
[03:50:18] step 642/2000: loss=0.0000 grad_norm=0.000 top_pick_rate=0.97 mean_advantage=+3.002 (32.3s, 1.0s/move)
[03:50:50] step 643/2000: loss=0.0000 grad_norm=0.000 top_pick_rate=0.97 mean_advantage=+2.586 (32.8s, 1.0s/move)
[03:51:24] step 644/2000: loss=0.0000 grad_norm=0.000 top_pick_rate=1.00 mean_advantage=+2.158 (33.5s, 1.0s/move)
[03:51:57] step 645/2000: loss=0.0000 grad_norm=0.000 top_pick_rate=1.00 mean_advantage=+3.144 (33.2s, 1.0s/move)
[03:52:30] step 646/2000: loss=0.0000 grad_norm=0.000 top_pick_rate=1.00 mean_advantage=+3.051 (33.3s, 1.0s/move)
[03:53:04] step 647/2000: loss=0.0000 grad_norm=0.000 top_pick_rate=0.97 mean_advantage=+2.868 (33.5s, 1.0s/move)
[03:53:37] step 648/2000: loss=0.0000 grad_norm=0.000 top_pick_rate=1.00 mean_advantage=+2.857 (33.0s, 1.0s/move)
[03:54:10] step 649/2000: loss=0.0000 grad_norm=0.000 top_pick_rate=1.00 mean_advantage=+2.826 (33.0s, 1.0s/move)
[03:54:43] step 650/2000: loss=0.0000 grad_norm=0.000 top_pick_rate=1.00 mean_advantage=+3.003 (33.4s, 1.0s/move)
[04:00:34]   eval @ step 650: mean_score=17320 mean_lines=157.40 max_score=17700 (350s for 5 games)
[04:00:39] saved checkpoint: /vol/bennylin-solar/New/PACT/RL/runs/tetris-rl/step-650 (and latest/)
[04:01:12] step 651/2000: loss=0.0000 grad_norm=0.000 top_pick_rate=0.97 mean_advantage=+2.719 (32.6s, 1.0s/move)
[04:01:45] step 652/2000: loss=0.0000 grad_norm=0.000 top_pick_rate=1.00 mean_advantage=+3.114 (32.8s, 1.0s/move)
[04:02:18] step 653/2000: loss=0.0000 grad_norm=0.000 top_pick_rate=0.97 mean_advantage=+3.573 (33.2s, 1.0s/move)
[04:02:51] step 654/2000: loss=0.0000 grad_norm=0.000 top_pick_rate=0.97 mean_advantage=+3.329 (32.9s, 1.0s/move)
[04:03:24] step 655/2000: loss=0.0000 grad_norm=0.000 top_pick_rate=1.00 mean_advantage=+3.204 (33.3s, 1.0s/move)
[04:03:57] step 656/2000: loss=0.0000 grad_norm=0.000 top_pick_rate=0.97 mean_advantage=+2.884 (33.4s, 1.0s/move)
[04:04:30] step 657/2000: loss=0.0000 grad_norm=0.000 top_pick_rate=1.00 mean_advantage=+3.224 (32.9s, 1.0s/move)
[04:05:03] step 658/2000: loss=0.0000 grad_norm=0.000 top_pick_rate=1.00 mean_advantage=+2.472 (32.5s, 1.0s/move)
[04:05:35] step 659/2000: loss=0.0000 grad_norm=0.000 top_pick_rate=1.00 mean_advantage=+2.800 (32.5s, 1.0s/move)
[04:06:08] step 660/2000: loss=0.0000 grad_norm=0.000 top_pick_rate=0.97 mean_advantage=+2.547 (32.2s, 1.0s/move)
[04:06:41] step 661/2000: loss=0.0000 grad_norm=0.000 top_pick_rate=1.00 mean_advantage=+3.170 (33.1s, 1.0s/move)
[04:07:14] step 662/2000: loss=0.0000 grad_norm=0.000 top_pick_rate=1.00 mean_advantage=+2.480 (33.1s, 1.0s/move)
[04:07:47] step 663/2000: loss=0.0000 grad_norm=0.000 top_pick_rate=0.97 mean_advantage=+2.844 (33.3s, 1.0s/move)
[04:08:20] step 664/2000: loss=0.0000 grad_norm=0.000 top_pick_rate=0.97 mean_advantage=+3.220 (32.6s, 1.0s/move)
[04:08:52] step 665/2000: loss=0.0000 grad_norm=0.000 top_pick_rate=0.97 mean_advantage=+3.455 (32.2s, 1.0s/move)
[04:09:25] step 666/2000: loss=0.0000 grad_norm=0.000 top_pick_rate=1.00 mean_advantage=+2.655 (33.1s, 1.0s/move)
[04:09:58] step 667/2000: loss=0.0000 grad_norm=0.000 top_pick_rate=0.97 mean_advantage=+2.945 (33.2s, 1.0s/move)
[04:10:32] step 668/2000: loss=0.0000 grad_norm=0.000 top_pick_rate=0.97 mean_advantage=+3.658 (33.4s, 1.0s/move)
[04:11:05] step 669/2000: loss=0.0000 grad_norm=0.000 top_pick_rate=0.97 mean_advantage=+3.199 (33.4s, 1.0s/move)
[04:11:38] step 670/2000: loss=0.0000 grad_norm=0.000 top_pick_rate=1.00 mean_advantage=+2.700 (33.4s, 1.0s/move)
[04:12:11] step 671/2000: loss=0.0000 grad_norm=0.000 top_pick_rate=0.97 mean_advantage=+2.708 (33.1s, 1.0s/move)
[04:12:45] step 672/2000: loss=0.0000 grad_norm=0.000 top_pick_rate=1.00 mean_advantage=+2.899 (33.4s, 1.0s/move)
[04:13:17] step 673/2000: loss=0.0000 grad_norm=0.000 top_pick_rate=1.00 mean_advantage=+3.343 (32.5s, 1.0s/move)
[04:13:50] step 674/2000: loss=0.0000 grad_norm=0.000 top_pick_rate=0.97 mean_advantage=+2.605 (32.3s, 1.0s/move)
[04:14:23] step 675/2000: loss=0.0000 grad_norm=0.000 top_pick_rate=0.94 mean_advantage=+2.404 (33.3s, 1.0s/move)
[04:14:56] step 676/2000: loss=0.0000 grad_norm=0.000 top_pick_rate=0.97 mean_advantage=+3.374 (33.1s, 1.0s/move)
[04:15:29] step 677/2000: loss=0.0000 grad_norm=0.000 top_pick_rate=1.00 mean_advantage=+2.874 (33.3s, 1.0s/move)
[04:16:03] step 678/2000: loss=0.0000 grad_norm=0.000 top_pick_rate=1.00 mean_advantage=+3.037 (33.1s, 1.0s/move)
[04:16:36] step 679/2000: loss=0.0000 grad_norm=0.000 top_pick_rate=1.00 mean_advantage=+3.571 (33.0s, 1.0s/move)
[04:17:09] step 680/2000: loss=0.0000 grad_norm=0.001 top_pick_rate=0.97 mean_advantage=+2.591 (33.3s, 1.0s/move)
[04:17:41] step 681/2000: loss=0.0000 grad_norm=0.000 top_pick_rate=1.00 mean_advantage=+3.054 (32.5s, 1.0s/move)
[04:18:14] step 682/2000: loss=0.0000 grad_norm=0.000 top_pick_rate=1.00 mean_advantage=+3.174 (33.0s, 1.0s/move)
[04:18:48] step 683/2000: loss=0.0000 grad_norm=0.000 top_pick_rate=1.00 mean_advantage=+3.737 (33.4s, 1.0s/move)
[04:19:21] step 684/2000: loss=0.0000 grad_norm=0.000 top_pick_rate=1.00 mean_advantage=+2.600 (33.2s, 1.0s/move)
[04:19:55] step 685/2000: loss=0.0000 grad_norm=0.000 top_pick_rate=1.00 mean_advantage=+2.648 (33.5s, 1.0s/move)
[04:20:28] step 686/2000: loss=0.0000 grad_norm=0.000 top_pick_rate=0.94 mean_advantage=+3.009 (33.5s, 1.0s/move)
[04:21:02] step 687/2000: loss=0.0000 grad_norm=0.000 top_pick_rate=0.97 mean_advantage=+2.406 (33.2s, 1.0s/move)
[04:21:35] step 688/2000: loss=0.0000 grad_norm=0.000 top_pick_rate=1.00 mean_advantage=+2.892 (33.2s, 1.0s/move)
[04:22:08] step 689/2000: loss=0.0000 grad_norm=0.000 top_pick_rate=1.00 mean_advantage=+2.785 (33.0s, 1.0s/move)
[04:22:40] step 690/2000: loss=0.0000 grad_norm=0.000 top_pick_rate=0.97 mean_advantage=+3.072 (32.4s, 1.0s/move)
[04:23:13] step 691/2000: loss=0.0000 grad_norm=0.000 top_pick_rate=1.00 mean_advantage=+3.186 (32.5s, 1.0s/move)
[04:23:46] step 692/2000: loss=0.0000 grad_norm=0.000 top_pick_rate=1.00 mean_advantage=+2.986 (32.8s, 1.0s/move)
[04:24:18] step 693/2000: loss=0.0000 grad_norm=0.000 top_pick_rate=1.00 mean_advantage=+3.035 (32.7s, 1.0s/move)
[04:24:52] step 694/2000: loss=0.0000 grad_norm=0.000 top_pick_rate=1.00 mean_advantage=+2.902 (33.2s, 1.0s/move)
[04:25:25] step 695/2000: loss=0.0000 grad_norm=0.000 top_pick_rate=1.00 mean_advantage=+2.256 (33.4s, 1.0s/move)
[04:25:58] step 696/2000: loss=0.0000 grad_norm=0.000 top_pick_rate=1.00 mean_advantage=+2.784 (33.3s, 1.0s/move)
[04:26:32] step 697/2000: loss=0.0000 grad_norm=0.000 top_pick_rate=1.00 mean_advantage=+2.893 (33.2s, 1.0s/move)
[04:27:05] step 698/2000: loss=0.0000 grad_norm=0.000 top_pick_rate=0.97 mean_advantage=+3.121 (33.2s, 1.0s/move)
[04:27:38] step 699/2000: loss=0.0000 grad_norm=0.000 top_pick_rate=0.97 mean_advantage=+2.809 (33.3s, 1.0s/move)
[04:28:10] step 700/2000: loss=0.0000 grad_norm=0.000 top_pick_rate=1.00 mean_advantage=+3.171 (32.3s, 1.0s/move)
[04:34:00]   eval @ step 700: mean_score=17240 mean_lines=158.00 max_score=17900 (350s for 5 games)
[04:34:06] saved checkpoint: /vol/bennylin-solar/New/PACT/RL/runs/tetris-rl/step-700 (and latest/)
[04:34:39] step 701/2000: loss=0.0000 grad_norm=0.000 top_pick_rate=1.00 mean_advantage=+2.928 (33.5s, 1.0s/move)
[04:35:13] step 702/2000: loss=0.0000 grad_norm=0.000 top_pick_rate=1.00 mean_advantage=+3.177 (33.6s, 1.1s/move)
[04:35:46] step 703/2000: loss=0.0000 grad_norm=0.000 top_pick_rate=1.00 mean_advantage=+2.640 (33.1s, 1.0s/move)
[04:36:19] step 704/2000: loss=0.0000 grad_norm=0.000 top_pick_rate=1.00 mean_advantage=+2.625 (33.4s, 1.0s/move)
[04:36:52] step 705/2000: loss=0.0000 grad_norm=0.000 top_pick_rate=1.00 mean_advantage=+3.101 (32.4s, 1.0s/move)
[04:37:24] step 706/2000: loss=0.0000 grad_norm=0.000 top_pick_rate=1.00 mean_advantage=+2.726 (32.6s, 1.0s/move)
[04:37:57] step 707/2000: loss=0.0000 grad_norm=0.000 top_pick_rate=1.00 mean_advantage=+3.578 (32.6s, 1.0s/move)
[04:38:29] step 708/2000: loss=0.0000 grad_norm=0.000 top_pick_rate=1.00 mean_advantage=+2.891 (32.4s, 1.0s/move)
[04:39:03] step 709/2000: loss=0.0000 grad_norm=0.000 top_pick_rate=1.00 mean_advantage=+3.134 (33.3s, 1.0s/move)
[04:39:36] step 710/2000: loss=0.0000 grad_norm=0.000 top_pick_rate=1.00 mean_advantage=+2.244 (33.2s, 1.0s/move)
[04:40:10] step 711/2000: loss=0.0000 grad_norm=0.000 top_pick_rate=1.00 mean_advantage=+3.429 (33.7s, 1.1s/move)
[04:40:42] step 712/2000: loss=0.0000 grad_norm=0.000 top_pick_rate=1.00 mean_advantage=+2.946 (32.8s, 1.0s/move)
[04:41:15] step 713/2000: loss=0.0000 grad_norm=0.000 top_pick_rate=0.94 mean_advantage=+3.113 (32.6s, 1.0s/move)
[04:41:47] step 714/2000: loss=0.0000 grad_norm=0.000 top_pick_rate=1.00 mean_advantage=+2.809 (32.5s, 1.0s/move)
[04:42:20] step 715/2000: loss=0.0000 grad_norm=0.000 top_pick_rate=0.97 mean_advantage=+3.075 (32.3s, 1.0s/move)
[04:42:53] step 716/2000: loss=0.0000 grad_norm=0.000 top_pick_rate=1.00 mean_advantage=+2.131 (33.3s, 1.0s/move)
[04:43:25] step 717/2000: loss=0.0000 grad_norm=0.000 top_pick_rate=1.00 mean_advantage=+2.796 (32.3s, 1.0s/move)
[04:43:59] step 718/2000: loss=0.0000 grad_norm=0.000 top_pick_rate=1.00 mean_advantage=+3.251 (33.3s, 1.0s/move)
[04:44:32] step 719/2000: loss=0.0000 grad_norm=0.000 top_pick_rate=1.00 mean_advantage=+3.046 (33.4s, 1.0s/move)
[04:45:05] step 720/2000: loss=0.0000 grad_norm=0.000 top_pick_rate=0.97 mean_advantage=+2.923 (32.7s, 1.0s/move)
[04:45:38] step 721/2000: loss=0.0000 grad_norm=0.000 top_pick_rate=0.97 mean_advantage=+2.713 (32.9s, 1.0s/move)
[04:46:11] step 722/2000: loss=0.0000 grad_norm=0.000 top_pick_rate=0.97 mean_advantage=+2.870 (33.0s, 1.0s/move)
[04:46:43] step 723/2000: loss=0.0000 grad_norm=0.000 top_pick_rate=1.00 mean_advantage=+2.649 (32.6s, 1.0s/move)
[04:47:16] step 724/2000: loss=0.0000 grad_norm=0.000 top_pick_rate=0.97 mean_advantage=+2.925 (33.0s, 1.0s/move)
[04:47:49] step 725/2000: loss=0.0000 grad_norm=0.000 top_pick_rate=1.00 mean_advantage=+3.326 (33.1s, 1.0s/move)
[04:48:23] step 726/2000: loss=0.0000 grad_norm=0.000 top_pick_rate=0.97 mean_advantage=+2.652 (33.2s, 1.0s/move)
[04:48:55] step 727/2000: loss=0.0000 grad_norm=0.000 top_pick_rate=1.00 mean_advantage=+2.897 (32.6s, 1.0s/move)
[04:49:28] step 728/2000: loss=0.0000 grad_norm=0.000 top_pick_rate=1.00 mean_advantage=+2.949 (33.0s, 1.0s/move)
[04:50:01] step 729/2000: loss=0.0000 grad_norm=0.000 top_pick_rate=0.97 mean_advantage=+2.318 (33.3s, 1.0s/move)
[04:50:35] step 730/2000: loss=0.0000 grad_norm=0.000 top_pick_rate=0.97 mean_advantage=+3.131 (33.4s, 1.0s/move)
[04:51:08] step 731/2000: loss=-0.0001 grad_norm=0.291 top_pick_rate=1.00 mean_advantage=+3.049 (33.2s, 1.0s/move)
[04:51:41] step 732/2000: loss=0.0000 grad_norm=0.000 top_pick_rate=1.00 mean_advantage=+3.082 (33.2s, 1.0s/move)
[04:52:14] step 733/2000: loss=0.0000 grad_norm=0.000 top_pick_rate=1.00 mean_advantage=+2.656 (32.9s, 1.0s/move)
[04:52:47] step 734/2000: loss=0.0000 grad_norm=0.000 top_pick_rate=1.00 mean_advantage=+2.872 (33.2s, 1.0s/move)
[04:53:21] step 735/2000: loss=0.0000 grad_norm=0.000 top_pick_rate=1.00 mean_advantage=+2.633 (33.5s, 1.0s/move)
[04:53:54] step 736/2000: loss=0.0000 grad_norm=0.000 top_pick_rate=0.97 mean_advantage=+2.575 (33.3s, 1.0s/move)
[04:54:27] step 737/2000: loss=0.0000 grad_norm=0.000 top_pick_rate=0.97 mean_advantage=+2.952 (33.2s, 1.0s/move)
[04:55:00] step 738/2000: loss=0.0000 grad_norm=0.000 top_pick_rate=0.97 mean_advantage=+3.313 (33.1s, 1.0s/move)
[04:55:34] step 739/2000: loss=0.0000 grad_norm=0.000 top_pick_rate=1.00 mean_advantage=+3.144 (33.4s, 1.0s/move)
[04:56:07] step 740/2000: loss=0.0000 grad_norm=0.000 top_pick_rate=1.00 mean_advantage=+2.480 (33.4s, 1.0s/move)
[04:56:41] step 741/2000: loss=0.0000 grad_norm=0.000 top_pick_rate=0.97 mean_advantage=+2.699 (33.3s, 1.0s/move)
[04:57:14] step 742/2000: loss=0.0000 grad_norm=0.000 top_pick_rate=0.97 mean_advantage=+3.600 (33.0s, 1.0s/move)
[04:57:46] step 743/2000: loss=0.0000 grad_norm=0.000 top_pick_rate=1.00 mean_advantage=+2.620 (32.6s, 1.0s/move)
[04:58:19] step 744/2000: loss=0.0000 grad_norm=0.000 top_pick_rate=0.97 mean_advantage=+2.584 (33.0s, 1.0s/move)
[04:58:52] step 745/2000: loss=0.0000 grad_norm=0.000 top_pick_rate=1.00 mean_advantage=+2.624 (33.3s, 1.0s/move)
[04:59:26] step 746/2000: loss=0.0000 grad_norm=0.000 top_pick_rate=1.00 mean_advantage=+3.014 (33.5s, 1.0s/move)
[04:59:59] step 747/2000: loss=0.0000 grad_norm=0.000 top_pick_rate=0.97 mean_advantage=+2.772 (32.8s, 1.0s/move)
[05:00:31] step 748/2000: loss=0.0000 grad_norm=0.000 top_pick_rate=1.00 mean_advantage=+3.277 (32.2s, 1.0s/move)
[05:01:04] step 749/2000: loss=0.0000 grad_norm=0.000 top_pick_rate=1.00 mean_advantage=+2.531 (32.5s, 1.0s/move)
[05:01:37] step 750/2000: loss=0.0000 grad_norm=0.000 top_pick_rate=1.00 mean_advantage=+2.509 (33.0s, 1.0s/move)
[05:07:27]   eval @ step 750: mean_score=16960 mean_lines=158.60 max_score=17500 (350s for 5 games)
[05:07:32] saved checkpoint: /vol/bennylin-solar/New/PACT/RL/runs/tetris-rl/step-750 (and latest/)
[05:08:06] step 751/2000: loss=0.0000 grad_norm=0.000 top_pick_rate=0.97 mean_advantage=+3.099 (33.6s, 1.0s/move)
[05:08:39] step 752/2000: loss=0.0000 grad_norm=0.000 top_pick_rate=1.00 mean_advantage=+3.031 (33.0s, 1.0s/move)
[05:09:12] step 753/2000: loss=0.0000 grad_norm=0.000 top_pick_rate=1.00 mean_advantage=+2.872 (33.1s, 1.0s/move)
[05:09:45] step 754/2000: loss=0.0000 grad_norm=0.000 top_pick_rate=0.97 mean_advantage=+2.877 (32.7s, 1.0s/move)
[05:10:17] step 755/2000: loss=0.0000 grad_norm=0.000 top_pick_rate=1.00 mean_advantage=+2.868 (32.3s, 1.0s/move)
[05:10:50] step 756/2000: loss=0.0000 grad_norm=0.000 top_pick_rate=1.00 mean_advantage=+2.961 (32.6s, 1.0s/move)
[05:11:23] step 757/2000: loss=0.0000 grad_norm=0.000 top_pick_rate=1.00 mean_advantage=+2.358 (33.1s, 1.0s/move)
[05:11:56] step 758/2000: loss=0.0000 grad_norm=0.000 top_pick_rate=0.94 mean_advantage=+3.739 (33.1s, 1.0s/move)
[05:12:29] step 759/2000: loss=0.0000 grad_norm=0.000 top_pick_rate=1.00 mean_advantage=+2.517 (33.3s, 1.0s/move)
[05:13:02] step 760/2000: loss=0.0000 grad_norm=0.000 top_pick_rate=0.97 mean_advantage=+2.927 (33.2s, 1.0s/move)
[05:13:35] step 761/2000: loss=0.0000 grad_norm=0.000 top_pick_rate=1.00 mean_advantage=+3.198 (32.5s, 1.0s/move)
[05:14:07] step 762/2000: loss=0.0000 grad_norm=0.000 top_pick_rate=1.00 mean_advantage=+2.686 (32.6s, 1.0s/move)
[05:14:40] step 763/2000: loss=0.0000 grad_norm=0.000 top_pick_rate=1.00 mean_advantage=+2.730 (32.5s, 1.0s/move)
[05:15:13] step 764/2000: loss=0.0000 grad_norm=0.000 top_pick_rate=1.00 mean_advantage=+2.361 (32.7s, 1.0s/move)
[05:15:46] step 765/2000: loss=0.0000 grad_norm=0.000 top_pick_rate=1.00 mean_advantage=+2.981 (33.5s, 1.0s/move)
[05:16:20] step 766/2000: loss=0.0000 grad_norm=0.000 top_pick_rate=0.97 mean_advantage=+3.075 (33.6s, 1.1s/move)
[05:16:53] step 767/2000: loss=0.0000 grad_norm=0.000 top_pick_rate=0.94 mean_advantage=+2.824 (33.4s, 1.0s/move)
[05:17:26] step 768/2000: loss=0.0000 grad_norm=0.000 top_pick_rate=1.00 mean_advantage=+2.726 (33.3s, 1.0s/move)
[05:18:00] step 769/2000: loss=0.0000 grad_norm=0.000 top_pick_rate=1.00 mean_advantage=+2.992 (33.3s, 1.0s/move)
[05:18:33] step 770/2000: loss=0.0000 grad_norm=0.000 top_pick_rate=1.00 mean_advantage=+3.080 (33.0s, 1.0s/move)
[05:19:06] step 771/2000: loss=0.0000 grad_norm=0.000 top_pick_rate=1.00 mean_advantage=+3.404 (33.3s, 1.0s/move)
[05:19:39] step 772/2000: loss=0.0000 grad_norm=0.000 top_pick_rate=1.00 mean_advantage=+2.609 (33.2s, 1.0s/move)
[05:20:12] step 773/2000: loss=0.0000 grad_norm=0.000 top_pick_rate=0.97 mean_advantage=+3.025 (32.9s, 1.0s/move)
[05:20:45] step 774/2000: loss=0.0000 grad_norm=0.000 top_pick_rate=1.00 mean_advantage=+2.619 (33.3s, 1.0s/move)
[05:21:18] step 775/2000: loss=0.0000 grad_norm=0.000 top_pick_rate=1.00 mean_advantage=+2.878 (33.1s, 1.0s/move)
[05:21:51] step 776/2000: loss=0.0000 grad_norm=0.000 top_pick_rate=0.97 mean_advantage=+3.321 (33.0s, 1.0s/move)
[05:22:25] step 777/2000: loss=0.0000 grad_norm=0.000 top_pick_rate=1.00 mean_advantage=+2.835 (33.4s, 1.0s/move)
[05:22:58] step 778/2000: loss=0.0000 grad_norm=0.000 top_pick_rate=0.94 mean_advantage=+3.473 (33.2s, 1.0s/move)
[05:23:31] step 779/2000: loss=0.0000 grad_norm=0.000 top_pick_rate=1.00 mean_advantage=+2.450 (32.6s, 1.0s/move)
[05:24:04] step 780/2000: loss=0.0000 grad_norm=0.000 top_pick_rate=0.97 mean_advantage=+2.594 (33.5s, 1.0s/move)
[05:24:38] step 781/2000: loss=0.0000 grad_norm=0.000 top_pick_rate=0.94 mean_advantage=+3.348 (33.5s, 1.0s/move)
[05:25:11] step 782/2000: loss=0.0000 grad_norm=0.000 top_pick_rate=1.00 mean_advantage=+2.777 (33.0s, 1.0s/move)
[05:25:44] step 783/2000: loss=0.0000 grad_norm=0.000 top_pick_rate=1.00 mean_advantage=+3.121 (33.0s, 1.0s/move)
[05:26:17] step 784/2000: loss=0.0000 grad_norm=0.000 top_pick_rate=0.97 mean_advantage=+3.240 (33.1s, 1.0s/move)
[05:26:50] step 785/2000: loss=0.0000 grad_norm=0.000 top_pick_rate=1.00 mean_advantage=+3.269 (33.2s, 1.0s/move)
[05:27:23] step 786/2000: loss=0.0000 grad_norm=0.000 top_pick_rate=0.97 mean_advantage=+3.421 (33.2s, 1.0s/move)
[05:27:56] step 787/2000: loss=0.0000 grad_norm=0.000 top_pick_rate=0.97 mean_advantage=+3.354 (32.9s, 1.0s/move)
[05:28:30] step 788/2000: loss=0.0000 grad_norm=0.000 top_pick_rate=1.00 mean_advantage=+2.235 (33.4s, 1.0s/move)
[05:29:03] step 789/2000: loss=0.0000 grad_norm=0.000 top_pick_rate=0.97 mean_advantage=+3.078 (33.5s, 1.0s/move)
[05:29:36] step 790/2000: loss=0.0000 grad_norm=0.000 top_pick_rate=1.00 mean_advantage=+2.195 (32.5s, 1.0s/move)
[05:30:09] step 791/2000: loss=0.0000 grad_norm=0.000 top_pick_rate=1.00 mean_advantage=+3.973 (33.2s, 1.0s/move)
[05:30:42] step 792/2000: loss=0.0000 grad_norm=0.000 top_pick_rate=1.00 mean_advantage=+2.793 (32.9s, 1.0s/move)
[05:31:15] step 793/2000: loss=0.0000 grad_norm=0.000 top_pick_rate=0.97 mean_advantage=+2.616 (33.3s, 1.0s/move)
[05:31:48] step 794/2000: loss=0.0000 grad_norm=0.000 top_pick_rate=1.00 mean_advantage=+3.108 (33.3s, 1.0s/move)
[05:32:22] step 795/2000: loss=0.0000 grad_norm=0.000 top_pick_rate=1.00 mean_advantage=+3.065 (33.4s, 1.0s/move)
[05:32:55] step 796/2000: loss=0.0000 grad_norm=0.000 top_pick_rate=1.00 mean_advantage=+3.205 (33.4s, 1.0s/move)
[05:33:28] step 797/2000: loss=0.0000 grad_norm=0.000 top_pick_rate=1.00 mean_advantage=+2.712 (33.2s, 1.0s/move)
[05:34:01] step 798/2000: loss=0.0000 grad_norm=0.000 top_pick_rate=1.00 mean_advantage=+2.452 (32.6s, 1.0s/move)
[05:34:34] step 799/2000: loss=0.0000 grad_norm=0.000 top_pick_rate=1.00 mean_advantage=+2.624 (32.8s, 1.0s/move)
[05:35:06] step 800/2000: loss=0.0000 grad_norm=0.000 top_pick_rate=1.00 mean_advantage=+3.111 (32.4s, 1.0s/move)
[05:40:56]   eval @ step 800: mean_score=17100 mean_lines=158.00 max_score=17400 (350s for 5 games)
[05:41:01] saved checkpoint: /vol/bennylin-solar/New/PACT/RL/runs/tetris-rl/step-800 (and latest/)
[05:41:34] step 801/2000: loss=0.0000 grad_norm=0.000 top_pick_rate=1.00 mean_advantage=+2.618 (32.7s, 1.0s/move)
[05:42:07] step 802/2000: loss=0.0000 grad_norm=0.000 top_pick_rate=0.97 mean_advantage=+2.694 (32.5s, 1.0s/move)
[05:42:39] step 803/2000: loss=0.0000 grad_norm=0.000 top_pick_rate=1.00 mean_advantage=+2.845 (32.6s, 1.0s/move)
[05:43:12] step 804/2000: loss=0.0000 grad_norm=0.000 top_pick_rate=1.00 mean_advantage=+3.288 (32.3s, 1.0s/move)
[05:43:44] step 805/2000: loss=0.0000 grad_norm=0.000 top_pick_rate=1.00 mean_advantage=+3.189 (32.6s, 1.0s/move)
[05:44:17] step 806/2000: loss=0.0000 grad_norm=0.000 top_pick_rate=1.00 mean_advantage=+2.767 (32.7s, 1.0s/move)
[05:44:50] step 807/2000: loss=0.0000 grad_norm=0.000 top_pick_rate=1.00 mean_advantage=+2.766 (33.3s, 1.0s/move)
[05:45:23] step 808/2000: loss=0.0000 grad_norm=0.000 top_pick_rate=0.94 mean_advantage=+2.840 (33.1s, 1.0s/move)
[05:45:56] step 809/2000: loss=0.0000 grad_norm=0.000 top_pick_rate=1.00 mean_advantage=+3.191 (32.6s, 1.0s/move)
[05:46:29] step 810/2000: loss=0.0000 grad_norm=0.000 top_pick_rate=0.97 mean_advantage=+3.538 (32.7s, 1.0s/move)
[05:47:02] step 811/2000: loss=0.0000 grad_norm=0.000 top_pick_rate=1.00 mean_advantage=+2.964 (33.6s, 1.1s/move)
[05:47:35] step 812/2000: loss=0.0000 grad_norm=0.000 top_pick_rate=0.97 mean_advantage=+3.492 (33.2s, 1.0s/move)
[05:48:08] step 813/2000: loss=0.0000 grad_norm=0.000 top_pick_rate=1.00 mean_advantage=+2.785 (33.0s, 1.0s/move)
[05:48:41] step 814/2000: loss=0.0000 grad_norm=0.000 top_pick_rate=1.00 mean_advantage=+3.299 (32.7s, 1.0s/move)
[05:49:15] step 815/2000: loss=0.0000 grad_norm=0.000 top_pick_rate=1.00 mean_advantage=+2.599 (33.4s, 1.0s/move)
[05:49:48] step 816/2000: loss=0.0000 grad_norm=0.000 top_pick_rate=0.97 mean_advantage=+2.617 (33.2s, 1.0s/move)
[05:50:21] step 817/2000: loss=0.0000 grad_norm=0.000 top_pick_rate=0.97 mean_advantage=+2.636 (33.4s, 1.0s/move)
[05:50:55] step 818/2000: loss=0.0000 grad_norm=0.000 top_pick_rate=0.97 mean_advantage=+3.509 (33.4s, 1.0s/move)
[05:51:28] step 819/2000: loss=0.0000 grad_norm=0.000 top_pick_rate=1.00 mean_advantage=+2.902 (33.3s, 1.0s/move)
[05:52:01] step 820/2000: loss=0.0000 grad_norm=0.000 top_pick_rate=1.00 mean_advantage=+3.069 (32.9s, 1.0s/move)
[05:52:34] step 821/2000: loss=0.0000 grad_norm=0.000 top_pick_rate=0.97 mean_advantage=+3.115 (33.5s, 1.0s/move)
[05:53:07] step 822/2000: loss=0.0000 grad_norm=0.000 top_pick_rate=1.00 mean_advantage=+2.702 (32.9s, 1.0s/move)
[05:53:41] step 823/2000: loss=0.0000 grad_norm=0.000 top_pick_rate=1.00 mean_advantage=+2.654 (33.7s, 1.1s/move)
[05:54:14] step 824/2000: loss=0.0000 grad_norm=0.000 top_pick_rate=1.00 mean_advantage=+3.081 (32.9s, 1.0s/move)
[05:54:46] step 825/2000: loss=0.0000 grad_norm=0.000 top_pick_rate=1.00 mean_advantage=+3.150 (32.8s, 1.0s/move)
[05:55:20] step 826/2000: loss=0.0000 grad_norm=0.000 top_pick_rate=1.00 mean_advantage=+2.527 (33.5s, 1.0s/move)
[05:55:53] step 827/2000: loss=0.0000 grad_norm=0.000 top_pick_rate=1.00 mean_advantage=+3.183 (33.1s, 1.0s/move)
[05:56:26] step 828/2000: loss=0.0000 grad_norm=0.000 top_pick_rate=0.94 mean_advantage=+3.393 (33.3s, 1.0s/move)
[05:57:00] step 829/2000: loss=0.0000 grad_norm=0.000 top_pick_rate=1.00 mean_advantage=+2.602 (33.3s, 1.0s/move)
[05:57:32] step 830/2000: loss=0.0000 grad_norm=0.000 top_pick_rate=1.00 mean_advantage=+2.532 (32.9s, 1.0s/move)
[05:58:06] step 831/2000: loss=0.0000 grad_norm=0.000 top_pick_rate=1.00 mean_advantage=+2.855 (33.2s, 1.0s/move)
[05:58:39] step 832/2000: loss=0.0000 grad_norm=0.000 top_pick_rate=1.00 mean_advantage=+3.269 (33.0s, 1.0s/move)
[05:59:11] step 833/2000: loss=0.0000 grad_norm=0.000 top_pick_rate=0.94 mean_advantage=+3.527 (32.9s, 1.0s/move)
[05:59:45] step 834/2000: loss=0.0000 grad_norm=0.000 top_pick_rate=0.97 mean_advantage=+3.191 (33.1s, 1.0s/move)
[06:00:18] step 835/2000: loss=0.0000 grad_norm=0.000 top_pick_rate=0.94 mean_advantage=+2.751 (33.4s, 1.0s/move)
[06:00:50] step 836/2000: loss=0.0000 grad_norm=0.000 top_pick_rate=0.97 mean_advantage=+2.690 (32.4s, 1.0s/move)
[06:01:23] step 837/2000: loss=0.0000 grad_norm=0.000 top_pick_rate=1.00 mean_advantage=+2.731 (32.6s, 1.0s/move)
[06:01:56] step 838/2000: loss=0.0000 grad_norm=0.000 top_pick_rate=1.00 mean_advantage=+3.318 (32.6s, 1.0s/move)
[06:02:28] step 839/2000: loss=0.0000 grad_norm=0.000 top_pick_rate=0.97 mean_advantage=+2.263 (32.6s, 1.0s/move)
[06:03:00] step 840/2000: loss=0.0000 grad_norm=0.000 top_pick_rate=1.00 mean_advantage=+2.512 (32.3s, 1.0s/move)
[06:03:33] step 841/2000: loss=0.0000 grad_norm=0.000 top_pick_rate=0.94 mean_advantage=+2.501 (32.6s, 1.0s/move)
[06:04:05] step 842/2000: loss=0.0000 grad_norm=0.000 top_pick_rate=0.97 mean_advantage=+2.801 (32.4s, 1.0s/move)
[06:04:38] step 843/2000: loss=0.0000 grad_norm=0.000 top_pick_rate=0.97 mean_advantage=+2.960 (32.5s, 1.0s/move)
[06:05:11] step 844/2000: loss=0.0000 grad_norm=0.000 top_pick_rate=1.00 mean_advantage=+3.130 (32.6s, 1.0s/move)
[06:05:43] step 845/2000: loss=-0.0454 grad_norm=377.398 top_pick_rate=0.97 mean_advantage=+3.442 (32.6s, 1.0s/move)
[06:06:16] step 846/2000: loss=0.0000 grad_norm=0.000 top_pick_rate=1.00 mean_advantage=+2.687 (32.6s, 1.0s/move)
[06:06:49] step 847/2000: loss=0.0000 grad_norm=0.000 top_pick_rate=0.97 mean_advantage=+2.972 (33.2s, 1.0s/move)
[06:07:22] step 848/2000: loss=0.0000 grad_norm=0.000 top_pick_rate=1.00 mean_advantage=+3.016 (33.1s, 1.0s/move)
[06:07:55] step 849/2000: loss=0.0000 grad_norm=0.000 top_pick_rate=1.00 mean_advantage=+3.065 (32.6s, 1.0s/move)
[06:08:27] step 850/2000: loss=0.0000 grad_norm=0.000 top_pick_rate=0.97 mean_advantage=+2.505 (32.8s, 1.0s/move)
[06:14:17]   eval @ step 850: mean_score=17140 mean_lines=158.60 max_score=17700 (350s for 5 games)
[06:14:23] saved checkpoint: /vol/bennylin-solar/New/PACT/RL/runs/tetris-rl/step-850 (and latest/)
[06:14:56] step 851/2000: loss=0.0000 grad_norm=0.000 top_pick_rate=1.00 mean_advantage=+3.042 (33.3s, 1.0s/move)
[06:15:29] step 852/2000: loss=0.0000 grad_norm=0.000 top_pick_rate=0.97 mean_advantage=+2.431 (33.0s, 1.0s/move)
[06:16:02] step 853/2000: loss=0.0000 grad_norm=0.000 top_pick_rate=1.00 mean_advantage=+2.704 (33.3s, 1.0s/move)
[06:16:35] step 854/2000: loss=0.0000 grad_norm=0.000 top_pick_rate=0.97 mean_advantage=+2.761 (32.5s, 1.0s/move)
[06:17:08] step 855/2000: loss=0.0000 grad_norm=0.000 top_pick_rate=1.00 mean_advantage=+2.733 (33.0s, 1.0s/move)
[06:17:41] step 856/2000: loss=0.0000 grad_norm=0.000 top_pick_rate=0.91 mean_advantage=+3.782 (33.5s, 1.0s/move)
[06:18:15] step 857/2000: loss=0.0000 grad_norm=0.000 top_pick_rate=1.00 mean_advantage=+2.916 (33.3s, 1.0s/move)
[06:18:48] step 858/2000: loss=0.0067 grad_norm=42.317 top_pick_rate=0.94 mean_advantage=+3.213 (32.8s, 1.0s/move)
[06:19:21] step 859/2000: loss=0.0000 grad_norm=0.000 top_pick_rate=0.97 mean_advantage=+2.991 (33.4s, 1.0s/move)
[06:19:55] step 860/2000: loss=0.0003 grad_norm=1.647 top_pick_rate=0.94 mean_advantage=+2.708 (33.5s, 1.0s/move)
[06:20:27] step 861/2000: loss=0.0000 grad_norm=0.000 top_pick_rate=0.97 mean_advantage=+3.036 (32.6s, 1.0s/move)
[06:21:00] step 862/2000: loss=0.0000 grad_norm=0.000 top_pick_rate=0.97 mean_advantage=+2.513 (33.1s, 1.0s/move)
[06:21:33] step 863/2000: loss=0.0000 grad_norm=0.000 top_pick_rate=0.91 mean_advantage=+3.585 (32.7s, 1.0s/move)
[06:22:05] step 864/2000: loss=0.0000 grad_norm=0.000 top_pick_rate=1.00 mean_advantage=+3.296 (32.5s, 1.0s/move)
[06:22:38] step 865/2000: loss=0.0000 grad_norm=0.000 top_pick_rate=1.00 mean_advantage=+2.976 (32.7s, 1.0s/move)
[06:23:12] step 866/2000: loss=0.0000 grad_norm=0.000 top_pick_rate=1.00 mean_advantage=+2.739 (33.5s, 1.0s/move)
[06:23:45] step 867/2000: loss=0.0000 grad_norm=0.000 top_pick_rate=0.94 mean_advantage=+2.965 (33.2s, 1.0s/move)
[06:24:18] step 868/2000: loss=0.0000 grad_norm=0.000 top_pick_rate=0.94 mean_advantage=+2.708 (33.4s, 1.0s/move)
[06:24:51] step 869/2000: loss=0.0000 grad_norm=0.000 top_pick_rate=0.91 mean_advantage=+2.584 (33.2s, 1.0s/move)
[06:25:24] step 870/2000: loss=0.0000 grad_norm=0.000 top_pick_rate=0.94 mean_advantage=+3.405 (32.6s, 1.0s/move)
[06:25:57] step 871/2000: loss=0.0000 grad_norm=0.000 top_pick_rate=1.00 mean_advantage=+2.776 (32.9s, 1.0s/move)
[06:26:30] step 872/2000: loss=0.0000 grad_norm=0.000 top_pick_rate=0.91 mean_advantage=+3.703 (33.4s, 1.0s/move)
[06:27:03] step 873/2000: loss=0.0000 grad_norm=0.000 top_pick_rate=0.91 mean_advantage=+2.894 (32.8s, 1.0s/move)
[06:27:35] step 874/2000: loss=0.0000 grad_norm=0.000 top_pick_rate=0.94 mean_advantage=+2.921 (32.4s, 1.0s/move)
[06:28:08] step 875/2000: loss=0.0000 grad_norm=0.000 top_pick_rate=0.94 mean_advantage=+3.030 (32.5s, 1.0s/move)
[06:28:41] step 876/2000: loss=0.0000 grad_norm=0.000 top_pick_rate=0.94 mean_advantage=+2.546 (33.1s, 1.0s/move)
[06:29:14] step 877/2000: loss=0.0000 grad_norm=0.000 top_pick_rate=0.94 mean_advantage=+2.851 (33.2s, 1.0s/move)
[06:29:47] step 878/2000: loss=0.0000 grad_norm=0.000 top_pick_rate=0.97 mean_advantage=+3.399 (32.9s, 1.0s/move)
[06:30:20] step 879/2000: loss=0.0000 grad_norm=0.000 top_pick_rate=0.97 mean_advantage=+2.600 (33.0s, 1.0s/move)
[06:30:53] step 880/2000: loss=0.0000 grad_norm=0.000 top_pick_rate=0.94 mean_advantage=+2.983 (32.6s, 1.0s/move)
[06:31:25] step 881/2000: loss=0.0000 grad_norm=0.000 top_pick_rate=0.91 mean_advantage=+3.394 (32.6s, 1.0s/move)
[06:31:58] step 882/2000: loss=0.0000 grad_norm=0.000 top_pick_rate=0.91 mean_advantage=+2.832 (32.9s, 1.0s/move)
[06:32:31] step 883/2000: loss=0.0000 grad_norm=0.000 top_pick_rate=1.00 mean_advantage=+3.107 (32.6s, 1.0s/move)
[06:33:03] step 884/2000: loss=0.0000 grad_norm=0.000 top_pick_rate=0.97 mean_advantage=+3.328 (32.6s, 1.0s/move)
[06:33:36] step 885/2000: loss=0.0000 grad_norm=0.000 top_pick_rate=1.00 mean_advantage=+3.263 (32.4s, 1.0s/move)
[06:34:08] step 886/2000: loss=0.0000 grad_norm=0.000 top_pick_rate=0.91 mean_advantage=+3.589 (32.8s, 1.0s/move)
[06:34:42] step 887/2000: loss=0.0000 grad_norm=0.000 top_pick_rate=0.94 mean_advantage=+2.887 (33.1s, 1.0s/move)
[06:35:14] step 888/2000: loss=0.0000 grad_norm=0.000 top_pick_rate=0.97 mean_advantage=+3.002 (32.8s, 1.0s/move)
[06:35:48] step 889/2000: loss=0.0000 grad_norm=0.000 top_pick_rate=0.97 mean_advantage=+2.736 (33.5s, 1.0s/move)
[06:36:20] step 890/2000: loss=0.0000 grad_norm=0.000 top_pick_rate=1.00 mean_advantage=+2.230 (32.4s, 1.0s/move)
[06:36:53] step 891/2000: loss=0.0000 grad_norm=0.000 top_pick_rate=0.97 mean_advantage=+3.382 (32.5s, 1.0s/move)
[06:37:25] step 892/2000: loss=0.0000 grad_norm=0.000 top_pick_rate=1.00 mean_advantage=+2.322 (32.3s, 1.0s/move)
[06:37:58] step 893/2000: loss=0.0000 grad_norm=0.000 top_pick_rate=0.97 mean_advantage=+3.569 (32.8s, 1.0s/move)
[06:38:31] step 894/2000: loss=0.0000 grad_norm=0.000 top_pick_rate=0.97 mean_advantage=+2.758 (33.4s, 1.0s/move)
[06:39:05] step 895/2000: loss=0.0000 grad_norm=0.000 top_pick_rate=0.88 mean_advantage=+2.840 (33.3s, 1.0s/move)
[06:39:37] step 896/2000: loss=0.0000 grad_norm=0.000 top_pick_rate=0.97 mean_advantage=+3.188 (32.2s, 1.0s/move)
[06:40:09] step 897/2000: loss=0.0000 grad_norm=0.000 top_pick_rate=0.97 mean_advantage=+3.075 (32.5s, 1.0s/move)
[06:40:42] step 898/2000: loss=0.0000 grad_norm=0.000 top_pick_rate=0.97 mean_advantage=+3.480 (32.5s, 1.0s/move)
[06:41:15] step 899/2000: loss=0.0000 grad_norm=0.000 top_pick_rate=0.94 mean_advantage=+2.575 (32.7s, 1.0s/move)
[06:41:47] step 900/2000: loss=0.0000 grad_norm=0.000 top_pick_rate=0.97 mean_advantage=+2.900 (32.8s, 1.0s/move)
[06:47:38]   eval @ step 900: mean_score=17240 mean_lines=158.80 max_score=17800 (351s for 5 games)
[06:47:44] saved checkpoint: /vol/bennylin-solar/New/PACT/RL/runs/tetris-rl/step-900 (and latest/)
[06:48:16] step 901/2000: loss=0.0000 grad_norm=0.000 top_pick_rate=0.94 mean_advantage=+2.811 (32.5s, 1.0s/move)
[06:48:49] step 902/2000: loss=0.0000 grad_norm=0.001 top_pick_rate=0.97 mean_advantage=+2.585 (32.6s, 1.0s/move)
[06:49:21] step 903/2000: loss=0.0000 grad_norm=0.000 top_pick_rate=0.94 mean_advantage=+2.788 (32.3s, 1.0s/move)
[06:49:54] step 904/2000: loss=0.0000 grad_norm=0.000 top_pick_rate=0.94 mean_advantage=+3.059 (32.6s, 1.0s/move)
[06:50:27] step 905/2000: loss=0.0000 grad_norm=0.000 top_pick_rate=0.97 mean_advantage=+3.758 (33.7s, 1.1s/move)
[06:51:00] step 906/2000: loss=0.0000 grad_norm=0.000 top_pick_rate=1.00 mean_advantage=+3.428 (33.1s, 1.0s/move)
[06:51:33] step 907/2000: loss=0.0000 grad_norm=0.005 top_pick_rate=0.97 mean_advantage=+2.425 (33.1s, 1.0s/move)
[06:52:07] step 908/2000: loss=0.0000 grad_norm=0.000 top_pick_rate=0.97 mean_advantage=+2.856 (33.4s, 1.0s/move)
[06:52:40] step 909/2000: loss=0.0000 grad_norm=0.002 top_pick_rate=0.88 mean_advantage=+2.986 (33.0s, 1.0s/move)
[06:53:12] step 910/2000: loss=0.0000 grad_norm=0.000 top_pick_rate=0.94 mean_advantage=+3.833 (32.5s, 1.0s/move)
[06:53:45] step 911/2000: loss=0.0000 grad_norm=0.000 top_pick_rate=0.94 mean_advantage=+2.935 (32.7s, 1.0s/move)
[06:54:17] step 912/2000: loss=0.0000 grad_norm=0.000 top_pick_rate=0.97 mean_advantage=+3.125 (32.5s, 1.0s/move)
[06:54:50] step 913/2000: loss=0.0000 grad_norm=0.000 top_pick_rate=0.84 mean_advantage=+3.171 (32.5s, 1.0s/move)
[06:55:23] step 914/2000: loss=-0.0000 grad_norm=0.000 top_pick_rate=0.97 mean_advantage=+3.326 (32.5s, 1.0s/move)
[06:55:55] step 915/2000: loss=0.0000 grad_norm=0.000 top_pick_rate=0.91 mean_advantage=+3.468 (32.5s, 1.0s/move)
[06:56:27] step 916/2000: loss=0.0000 grad_norm=0.000 top_pick_rate=1.00 mean_advantage=+3.520 (32.3s, 1.0s/move)
[06:57:00] step 917/2000: loss=-0.0000 grad_norm=0.017 top_pick_rate=0.91 mean_advantage=+2.696 (32.6s, 1.0s/move)
[06:57:32] step 918/2000: loss=0.0000 grad_norm=0.000 top_pick_rate=0.94 mean_advantage=+3.150 (32.5s, 1.0s/move)
[06:58:05] step 919/2000: loss=0.0000 grad_norm=0.001 top_pick_rate=0.97 mean_advantage=+2.706 (32.4s, 1.0s/move)
[06:58:37] step 920/2000: loss=0.0035 grad_norm=10.358 top_pick_rate=0.81 mean_advantage=+2.768 (32.6s, 1.0s/move)
[06:59:10] step 921/2000: loss=0.0000 grad_norm=0.000 top_pick_rate=1.00 mean_advantage=+3.564 (32.4s, 1.0s/move)
[06:59:43] step 922/2000: loss=0.0000 grad_norm=0.000 top_pick_rate=0.94 mean_advantage=+2.621 (33.4s, 1.0s/move)
[07:00:16] step 923/2000: loss=0.0000 grad_norm=0.000 top_pick_rate=1.00 mean_advantage=+2.806 (33.1s, 1.0s/move)
[07:00:49] step 924/2000: loss=0.0000 grad_norm=0.000 top_pick_rate=1.00 mean_advantage=+2.903 (33.2s, 1.0s/move)
[07:01:22] step 925/2000: loss=0.0000 grad_norm=0.000 top_pick_rate=0.91 mean_advantage=+2.642 (32.5s, 1.0s/move)
[07:01:54] step 926/2000: loss=0.0000 grad_norm=0.000 top_pick_rate=0.97 mean_advantage=+2.984 (32.5s, 1.0s/move)
[07:02:27] step 927/2000: loss=0.0000 grad_norm=0.000 top_pick_rate=0.94 mean_advantage=+3.198 (32.2s, 1.0s/move)
[07:02:59] step 928/2000: loss=0.0000 grad_norm=0.000 top_pick_rate=0.97 mean_advantage=+2.816 (32.5s, 1.0s/move)
[07:03:32] step 929/2000: loss=0.0000 grad_norm=0.000 top_pick_rate=0.97 mean_advantage=+3.138 (33.1s, 1.0s/move)
[07:04:06] step 930/2000: loss=0.0000 grad_norm=0.000 top_pick_rate=0.91 mean_advantage=+2.882 (33.3s, 1.0s/move)
[07:04:39] step 931/2000: loss=0.0000 grad_norm=0.000 top_pick_rate=0.88 mean_advantage=+3.458 (33.6s, 1.1s/move)
[07:05:13] step 932/2000: loss=0.0000 grad_norm=0.000 top_pick_rate=0.94 mean_advantage=+3.202 (33.6s, 1.0s/move)
[07:05:46] step 933/2000: loss=0.0000 grad_norm=0.000 top_pick_rate=0.97 mean_advantage=+2.789 (33.3s, 1.0s/move)
[07:06:20] step 934/2000: loss=0.0000 grad_norm=0.000 top_pick_rate=0.97 mean_advantage=+2.559 (33.5s, 1.0s/move)
[07:06:53] step 935/2000: loss=0.0000 grad_norm=0.000 top_pick_rate=1.00 mean_advantage=+3.324 (33.4s, 1.0s/move)
[07:07:26] step 936/2000: loss=0.0000 grad_norm=0.000 top_pick_rate=0.97 mean_advantage=+2.865 (32.5s, 1.0s/move)
[07:07:59] step 937/2000: loss=0.0000 grad_norm=0.000 top_pick_rate=1.00 mean_advantage=+2.867 (32.9s, 1.0s/move)
[07:08:32] step 938/2000: loss=0.0000 grad_norm=0.000 top_pick_rate=1.00 mean_advantage=+3.033 (33.4s, 1.0s/move)
[07:09:05] step 939/2000: loss=0.0000 grad_norm=0.000 top_pick_rate=0.97 mean_advantage=+3.105 (33.0s, 1.0s/move)
[07:09:38] step 940/2000: loss=0.0000 grad_norm=0.000 top_pick_rate=0.91 mean_advantage=+3.075 (33.2s, 1.0s/move)
[07:10:11] step 941/2000: loss=0.0000 grad_norm=0.000 top_pick_rate=0.97 mean_advantage=+2.981 (32.6s, 1.0s/move)
[07:10:44] step 942/2000: loss=0.0000 grad_norm=0.000 top_pick_rate=1.00 mean_advantage=+3.611 (32.8s, 1.0s/move)
[07:11:16] step 943/2000: loss=0.0000 grad_norm=0.000 top_pick_rate=1.00 mean_advantage=+2.599 (32.9s, 1.0s/move)
[07:11:50] step 944/2000: loss=0.0000 grad_norm=0.000 top_pick_rate=0.94 mean_advantage=+2.532 (33.1s, 1.0s/move)
[07:12:23] step 945/2000: loss=0.0000 grad_norm=0.000 top_pick_rate=0.97 mean_advantage=+2.698 (33.1s, 1.0s/move)
[07:12:56] step 946/2000: loss=0.0000 grad_norm=0.000 top_pick_rate=0.97 mean_advantage=+3.881 (33.2s, 1.0s/move)
[07:13:29] step 947/2000: loss=0.0000 grad_norm=0.000 top_pick_rate=0.94 mean_advantage=+2.907 (33.0s, 1.0s/move)
[07:14:02] step 948/2000: loss=0.0000 grad_norm=0.000 top_pick_rate=1.00 mean_advantage=+1.736 (33.3s, 1.0s/move)
[07:14:36] step 949/2000: loss=0.0000 grad_norm=0.000 top_pick_rate=0.94 mean_advantage=+3.064 (33.5s, 1.0s/move)
[07:15:09] step 950/2000: loss=0.0000 grad_norm=0.000 top_pick_rate=1.00 mean_advantage=+2.551 (33.1s, 1.0s/move)
[07:20:59]   eval @ step 950: mean_score=17060 mean_lines=157.40 max_score=17700 (351s for 5 games)
[07:21:05] saved checkpoint: /vol/bennylin-solar/New/PACT/RL/runs/tetris-rl/step-950 (and latest/)
[07:21:39] step 951/2000: loss=0.0000 grad_norm=0.000 top_pick_rate=0.94 mean_advantage=+3.232 (33.1s, 1.0s/move)
[07:22:11] step 952/2000: loss=0.0000 grad_norm=0.000 top_pick_rate=0.97 mean_advantage=+2.868 (32.6s, 1.0s/move)
[07:22:43] step 953/2000: loss=0.0000 grad_norm=0.000 top_pick_rate=0.97 mean_advantage=+2.567 (32.1s, 1.0s/move)
[07:23:16] step 954/2000: loss=0.0000 grad_norm=0.000 top_pick_rate=1.00 mean_advantage=+3.331 (32.5s, 1.0s/move)
[07:23:48] step 955/2000: loss=0.0000 grad_norm=0.000 top_pick_rate=0.97 mean_advantage=+2.926 (32.5s, 1.0s/move)
[07:24:21] step 956/2000: loss=0.0000 grad_norm=0.000 top_pick_rate=1.00 mean_advantage=+3.132 (32.4s, 1.0s/move)
[07:24:53] step 957/2000: loss=0.0000 grad_norm=0.000 top_pick_rate=0.94 mean_advantage=+2.679 (32.5s, 1.0s/move)
[07:25:26] step 958/2000: loss=0.0000 grad_norm=0.000 top_pick_rate=1.00 mean_advantage=+2.649 (32.6s, 1.0s/move)
[07:25:58] step 959/2000: loss=0.0000 grad_norm=0.000 top_pick_rate=0.97 mean_advantage=+3.376 (32.5s, 1.0s/move)
[07:26:32] step 960/2000: loss=0.0001 grad_norm=0.477 top_pick_rate=0.94 mean_advantage=+2.729 (33.6s, 1.0s/move)
[07:27:05] step 961/2000: loss=0.0000 grad_norm=0.000 top_pick_rate=0.97 mean_advantage=+3.154 (33.2s, 1.0s/move)
[07:27:38] step 962/2000: loss=0.0000 grad_norm=0.000 top_pick_rate=1.00 mean_advantage=+2.916 (32.7s, 1.0s/move)
[07:28:10] step 963/2000: loss=0.0000 grad_norm=0.000 top_pick_rate=1.00 mean_advantage=+2.551 (32.7s, 1.0s/move)
[07:28:43] step 964/2000: loss=0.0000 grad_norm=0.000 top_pick_rate=0.94 mean_advantage=+2.980 (32.5s, 1.0s/move)
[07:29:15] step 965/2000: loss=0.0000 grad_norm=0.000 top_pick_rate=0.97 mean_advantage=+3.087 (32.5s, 1.0s/move)
[07:29:48] step 966/2000: loss=0.0000 grad_norm=0.000 top_pick_rate=1.00 mean_advantage=+2.340 (32.5s, 1.0s/move)
[07:30:21] step 967/2000: loss=0.0000 grad_norm=0.000 top_pick_rate=0.97 mean_advantage=+2.984 (32.6s, 1.0s/move)
[07:30:53] step 968/2000: loss=0.0000 grad_norm=0.000 top_pick_rate=0.91 mean_advantage=+3.179 (32.4s, 1.0s/move)
[07:31:26] step 969/2000: loss=0.0000 grad_norm=0.000 top_pick_rate=0.94 mean_advantage=+2.808 (32.7s, 1.0s/move)
[07:31:59] step 970/2000: loss=0.0000 grad_norm=0.000 top_pick_rate=1.00 mean_advantage=+3.519 (33.3s, 1.0s/move)
[07:32:32] step 971/2000: loss=0.0000 grad_norm=0.000 top_pick_rate=1.00 mean_advantage=+2.585 (33.3s, 1.0s/move)
[07:33:05] step 972/2000: loss=0.0000 grad_norm=0.000 top_pick_rate=1.00 mean_advantage=+2.683 (33.0s, 1.0s/move)
[07:33:39] step 973/2000: loss=0.0000 grad_norm=0.000 top_pick_rate=1.00 mean_advantage=+3.019 (33.1s, 1.0s/move)
[07:34:12] step 974/2000: loss=0.0000 grad_norm=0.000 top_pick_rate=0.97 mean_advantage=+2.257 (33.4s, 1.0s/move)
[07:34:45] step 975/2000: loss=0.0000 grad_norm=0.000 top_pick_rate=1.00 mean_advantage=+2.933 (33.0s, 1.0s/move)
[07:35:17] step 976/2000: loss=0.0000 grad_norm=0.000 top_pick_rate=0.97 mean_advantage=+3.303 (32.3s, 1.0s/move)
[07:35:50] step 977/2000: loss=0.0000 grad_norm=0.000 top_pick_rate=0.97 mean_advantage=+2.638 (32.5s, 1.0s/move)
[07:36:23] step 978/2000: loss=0.0000 grad_norm=0.000 top_pick_rate=0.97 mean_advantage=+2.304 (33.0s, 1.0s/move)
[07:36:56] step 979/2000: loss=0.0000 grad_norm=0.000 top_pick_rate=1.00 mean_advantage=+2.416 (33.1s, 1.0s/move)
[07:37:29] step 980/2000: loss=0.0000 grad_norm=0.000 top_pick_rate=1.00 mean_advantage=+3.301 (33.6s, 1.0s/move)
[07:38:03] step 981/2000: loss=-0.0001 grad_norm=0.722 top_pick_rate=0.94 mean_advantage=+3.565 (33.5s, 1.0s/move)
[07:38:36] step 982/2000: loss=0.0000 grad_norm=0.000 top_pick_rate=1.00 mean_advantage=+2.201 (33.1s, 1.0s/move)
[07:39:08] step 983/2000: loss=0.0000 grad_norm=0.000 top_pick_rate=0.94 mean_advantage=+2.141 (32.4s, 1.0s/move)
[07:39:41] step 984/2000: loss=0.0000 grad_norm=0.000 top_pick_rate=0.97 mean_advantage=+2.798 (32.6s, 1.0s/move)
[07:40:14] step 985/2000: loss=0.0000 grad_norm=0.000 top_pick_rate=0.94 mean_advantage=+2.879 (32.5s, 1.0s/move)
[07:40:46] step 986/2000: loss=0.0000 grad_norm=0.000 top_pick_rate=1.00 mean_advantage=+2.282 (32.6s, 1.0s/move)
[07:41:19] step 987/2000: loss=0.0000 grad_norm=0.000 top_pick_rate=0.97 mean_advantage=+2.992 (32.9s, 1.0s/move)
[07:41:52] step 988/2000: loss=0.0000 grad_norm=0.000 top_pick_rate=1.00 mean_advantage=+2.990 (32.9s, 1.0s/move)
[07:42:25] step 989/2000: loss=0.0000 grad_norm=0.000 top_pick_rate=1.00 mean_advantage=+2.949 (33.0s, 1.0s/move)
[07:42:58] step 990/2000: loss=0.0000 grad_norm=0.000 top_pick_rate=0.97 mean_advantage=+3.266 (33.5s, 1.0s/move)
[07:43:32] step 991/2000: loss=0.0000 grad_norm=0.000 top_pick_rate=0.91 mean_advantage=+2.694 (33.2s, 1.0s/move)
[07:44:05] step 992/2000: loss=0.0000 grad_norm=0.000 top_pick_rate=0.97 mean_advantage=+2.797 (33.2s, 1.0s/move)
[07:44:37] step 993/2000: loss=0.0000 grad_norm=0.000 top_pick_rate=1.00 mean_advantage=+3.168 (32.3s, 1.0s/move)
[07:45:10] step 994/2000: loss=0.0000 grad_norm=0.000 top_pick_rate=0.94 mean_advantage=+2.769 (32.6s, 1.0s/move)
[07:45:43] step 995/2000: loss=0.0000 grad_norm=0.000 top_pick_rate=1.00 mean_advantage=+3.429 (33.1s, 1.0s/move)
[07:46:16] step 996/2000: loss=0.0000 grad_norm=0.000 top_pick_rate=0.94 mean_advantage=+2.542 (33.3s, 1.0s/move)
[07:46:49] step 997/2000: loss=0.0000 grad_norm=0.000 top_pick_rate=1.00 mean_advantage=+2.232 (33.0s, 1.0s/move)
[07:47:22] step 998/2000: loss=0.0000 grad_norm=0.000 top_pick_rate=1.00 mean_advantage=+2.247 (33.3s, 1.0s/move)
[07:47:56] step 999/2000: loss=0.0000 grad_norm=0.000 top_pick_rate=0.91 mean_advantage=+3.036 (33.5s, 1.0s/move)
[07:48:29] step 1000/2000: loss=0.0000 grad_norm=0.000 top_pick_rate=1.00 mean_advantage=+2.950 (33.1s, 1.0s/move)
[07:54:20]   eval @ step 1000: mean_score=17240 mean_lines=158.00 max_score=18000 (351s for 5 games)
[07:54:25] saved checkpoint: /vol/bennylin-solar/New/PACT/RL/runs/tetris-rl/step-1000 (and latest/)
[07:54:58] step 1001/2000: loss=0.0000 grad_norm=0.000 top_pick_rate=0.97 mean_advantage=+3.254 (33.0s, 1.0s/move)
[07:55:31] step 1002/2000: loss=0.0000 grad_norm=0.000 top_pick_rate=0.94 mean_advantage=+3.188 (32.6s, 1.0s/move)
[07:56:03] step 1003/2000: loss=0.0000 grad_norm=0.000 top_pick_rate=0.97 mean_advantage=+2.676 (32.2s, 1.0s/move)
[07:56:35] step 1004/2000: loss=0.0000 grad_norm=0.000 top_pick_rate=0.97 mean_advantage=+3.251 (32.6s, 1.0s/move)
[07:57:08] step 1005/2000: loss=0.0000 grad_norm=0.000 top_pick_rate=0.94 mean_advantage=+2.432 (32.7s, 1.0s/move)
[07:57:41] step 1006/2000: loss=0.0000 grad_norm=0.000 top_pick_rate=1.00 mean_advantage=+3.421 (32.5s, 1.0s/move)
[07:58:13] step 1007/2000: loss=0.0000 grad_norm=0.000 top_pick_rate=0.97 mean_advantage=+3.130 (32.2s, 1.0s/move)
[07:58:46] step 1008/2000: loss=0.0000 grad_norm=0.000 top_pick_rate=1.00 mean_advantage=+2.865 (32.6s, 1.0s/move)
[07:59:18] step 1009/2000: loss=0.0000 grad_norm=0.000 top_pick_rate=0.97 mean_advantage=+3.297 (32.2s, 1.0s/move)
[07:59:50] step 1010/2000: loss=0.0000 grad_norm=0.000 top_pick_rate=0.88 mean_advantage=+2.791 (32.7s, 1.0s/move)
[08:00:23] step 1011/2000: loss=0.0000 grad_norm=0.000 top_pick_rate=0.94 mean_advantage=+3.155 (32.5s, 1.0s/move)
[08:00:55] step 1012/2000: loss=0.0000 grad_norm=0.000 top_pick_rate=0.94 mean_advantage=+2.492 (32.4s, 1.0s/move)
[08:01:28] step 1013/2000: loss=0.0000 grad_norm=0.000 top_pick_rate=1.00 mean_advantage=+3.737 (33.0s, 1.0s/move)
[08:02:01] step 1014/2000: loss=0.0000 grad_norm=0.000 top_pick_rate=0.97 mean_advantage=+2.987 (33.1s, 1.0s/move)
[08:02:34] step 1015/2000: loss=0.0000 grad_norm=0.000 top_pick_rate=0.97 mean_advantage=+2.409 (32.7s, 1.0s/move)
[08:03:07] step 1016/2000: loss=0.0000 grad_norm=0.000 top_pick_rate=1.00 mean_advantage=+2.574 (32.8s, 1.0s/move)
[08:03:39] step 1017/2000: loss=0.0000 grad_norm=0.000 top_pick_rate=0.97 mean_advantage=+3.396 (32.4s, 1.0s/move)
[08:04:12] step 1018/2000: loss=0.0000 grad_norm=0.000 top_pick_rate=0.97 mean_advantage=+3.101 (32.4s, 1.0s/move)
[08:04:44] step 1019/2000: loss=0.0000 grad_norm=0.000 top_pick_rate=0.94 mean_advantage=+3.012 (32.5s, 1.0s/move)
[08:05:17] step 1020/2000: loss=0.0000 grad_norm=0.000 top_pick_rate=1.00 mean_advantage=+2.330 (32.5s, 1.0s/move)
[08:05:49] step 1021/2000: loss=0.0000 grad_norm=0.000 top_pick_rate=1.00 mean_advantage=+2.776 (32.2s, 1.0s/move)
[08:06:22] step 1022/2000: loss=0.0000 grad_norm=0.000 top_pick_rate=0.97 mean_advantage=+3.448 (32.6s, 1.0s/move)
[08:06:55] step 1023/2000: loss=0.0000 grad_norm=0.000 top_pick_rate=0.94 mean_advantage=+4.434 (33.2s, 1.0s/move)
[08:07:28] step 1024/2000: loss=0.0000 grad_norm=0.000 top_pick_rate=0.97 mean_advantage=+3.009 (33.1s, 1.0s/move)
[08:08:01] step 1025/2000: loss=0.0000 grad_norm=0.000 top_pick_rate=0.94 mean_advantage=+2.622 (33.2s, 1.0s/move)
[08:08:33] step 1026/2000: loss=0.0000 grad_norm=0.000 top_pick_rate=0.88 mean_advantage=+3.608 (32.1s, 1.0s/move)
[08:09:06] step 1027/2000: loss=0.0000 grad_norm=0.000 top_pick_rate=0.91 mean_advantage=+2.825 (32.5s, 1.0s/move)
[08:09:38] step 1028/2000: loss=0.0000 grad_norm=0.000 top_pick_rate=0.97 mean_advantage=+3.076 (32.5s, 1.0s/move)
[08:10:11] step 1029/2000: loss=0.0000 grad_norm=0.000 top_pick_rate=0.94 mean_advantage=+3.234 (32.7s, 1.0s/move)
[08:10:44] step 1030/2000: loss=0.0000 grad_norm=0.000 top_pick_rate=0.91 mean_advantage=+3.882 (33.5s, 1.0s/move)
[08:11:18] step 1031/2000: loss=0.0000 grad_norm=0.000 top_pick_rate=0.91 mean_advantage=+3.020 (33.4s, 1.0s/move)
[08:11:51] step 1032/2000: loss=0.0000 grad_norm=0.000 top_pick_rate=0.91 mean_advantage=+3.524 (33.5s, 1.0s/move)
[08:12:24] step 1033/2000: loss=0.0000 grad_norm=0.000 top_pick_rate=0.97 mean_advantage=+2.918 (32.6s, 1.0s/move)
[08:12:57] step 1034/2000: loss=0.0000 grad_norm=0.000 top_pick_rate=0.94 mean_advantage=+3.302 (32.6s, 1.0s/move)
[08:13:29] step 1035/2000: loss=0.0000 grad_norm=0.000 top_pick_rate=0.91 mean_advantage=+2.658 (32.7s, 1.0s/move)
[08:14:02] step 1036/2000: loss=0.0000 grad_norm=0.000 top_pick_rate=0.97 mean_advantage=+3.626 (32.9s, 1.0s/move)
[08:14:35] step 1037/2000: loss=0.0000 grad_norm=0.000 top_pick_rate=0.91 mean_advantage=+2.794 (33.2s, 1.0s/move)
[08:15:09] step 1038/2000: loss=0.0000 grad_norm=0.000 top_pick_rate=1.00 mean_advantage=+2.574 (33.4s, 1.0s/move)
[08:15:42] step 1039/2000: loss=0.0000 grad_norm=0.000 top_pick_rate=0.97 mean_advantage=+3.206 (33.3s, 1.0s/move)
[08:16:15] step 1040/2000: loss=0.0000 grad_norm=0.000 top_pick_rate=0.97 mean_advantage=+2.020 (33.1s, 1.0s/move)
[08:16:48] step 1041/2000: loss=0.0000 grad_norm=0.000 top_pick_rate=1.00 mean_advantage=+2.595 (33.3s, 1.0s/move)
[08:17:21] step 1042/2000: loss=0.0000 grad_norm=0.000 top_pick_rate=0.97 mean_advantage=+3.513 (33.1s, 1.0s/move)
[08:17:54] step 1043/2000: loss=0.0000 grad_norm=0.000 top_pick_rate=0.97 mean_advantage=+3.163 (33.1s, 1.0s/move)
[08:18:28] step 1044/2000: loss=0.0000 grad_norm=0.000 top_pick_rate=0.88 mean_advantage=+2.614 (33.4s, 1.0s/move)
[08:19:01] step 1045/2000: loss=0.0000 grad_norm=0.000 top_pick_rate=0.97 mean_advantage=+3.314 (33.4s, 1.0s/move)
[08:19:34] step 1046/2000: loss=0.0000 grad_norm=0.000 top_pick_rate=1.00 mean_advantage=+2.828 (32.9s, 1.0s/move)
[08:20:07] step 1047/2000: loss=0.0000 grad_norm=0.000 top_pick_rate=0.94 mean_advantage=+2.897 (33.0s, 1.0s/move)
[08:20:40] step 1048/2000: loss=0.0000 grad_norm=0.000 top_pick_rate=1.00 mean_advantage=+3.114 (32.5s, 1.0s/move)
[08:21:12] step 1049/2000: loss=0.0000 grad_norm=0.001 top_pick_rate=1.00 mean_advantage=+2.812 (32.7s, 1.0s/move)
[08:21:45] step 1050/2000: loss=0.0000 grad_norm=0.000 top_pick_rate=0.97 mean_advantage=+3.540 (32.1s, 1.0s/move)
[08:27:35]   eval @ step 1050: mean_score=17140 mean_lines=158.80 max_score=17400 (350s for 5 games)
[08:27:40] saved checkpoint: /vol/bennylin-solar/New/PACT/RL/runs/tetris-rl/step-1050 (and latest/)
[08:28:13] step 1051/2000: loss=0.0000 grad_norm=0.000 top_pick_rate=0.88 mean_advantage=+3.081 (32.6s, 1.0s/move)
[08:28:46] step 1052/2000: loss=0.0000 grad_norm=0.000 top_pick_rate=1.00 mean_advantage=+2.618 (32.7s, 1.0s/move)
[08:29:18] step 1053/2000: loss=0.0000 grad_norm=0.000 top_pick_rate=0.97 mean_advantage=+3.449 (32.2s, 1.0s/move)
[08:29:51] step 1054/2000: loss=0.0000 grad_norm=0.000 top_pick_rate=0.97 mean_advantage=+2.662 (33.0s, 1.0s/move)
[08:30:24] step 1055/2000: loss=-0.0000 grad_norm=0.003 top_pick_rate=0.91 mean_advantage=+3.643 (33.1s, 1.0s/move)
[08:30:57] step 1056/2000: loss=0.0000 grad_norm=0.000 top_pick_rate=0.97 mean_advantage=+2.793 (32.8s, 1.0s/move)
[08:31:30] step 1057/2000: loss=0.0000 grad_norm=0.000 top_pick_rate=1.00 mean_advantage=+3.155 (33.3s, 1.0s/move)
[08:32:04] step 1058/2000: loss=0.0000 grad_norm=0.000 top_pick_rate=0.94 mean_advantage=+3.333 (33.6s, 1.0s/move)
[08:32:37] step 1059/2000: loss=0.0000 grad_norm=0.000 top_pick_rate=1.00 mean_advantage=+2.258 (33.1s, 1.0s/move)
[08:33:10] step 1060/2000: loss=0.0000 grad_norm=0.000 top_pick_rate=0.94 mean_advantage=+3.555 (33.5s, 1.0s/move)
[08:33:43] step 1061/2000: loss=0.0000 grad_norm=0.000 top_pick_rate=0.97 mean_advantage=+3.157 (33.0s, 1.0s/move)
[08:34:16] step 1062/2000: loss=0.0000 grad_norm=0.000 top_pick_rate=1.00 mean_advantage=+2.882 (33.0s, 1.0s/move)
[08:34:49] step 1063/2000: loss=0.0000 grad_norm=0.000 top_pick_rate=0.97 mean_advantage=+2.315 (32.6s, 1.0s/move)
[08:35:21] step 1064/2000: loss=0.0000 grad_norm=0.000 top_pick_rate=0.84 mean_advantage=+3.440 (32.4s, 1.0s/move)
[08:35:54] step 1065/2000: loss=0.0000 grad_norm=0.000 top_pick_rate=1.00 mean_advantage=+1.719 (32.6s, 1.0s/move)
[08:36:27] step 1066/2000: loss=0.0000 grad_norm=0.000 top_pick_rate=0.97 mean_advantage=+4.233 (32.8s, 1.0s/move)
[08:36:59] step 1067/2000: loss=0.0000 grad_norm=0.000 top_pick_rate=0.94 mean_advantage=+3.142 (32.2s, 1.0s/move)
[08:37:31] step 1068/2000: loss=0.0000 grad_norm=0.000 top_pick_rate=0.91 mean_advantage=+3.072 (32.6s, 1.0s/move)
[08:38:04] step 1069/2000: loss=0.0000 grad_norm=0.000 top_pick_rate=1.00 mean_advantage=+2.906 (32.4s, 1.0s/move)
[08:38:36] step 1070/2000: loss=0.0000 grad_norm=0.000 top_pick_rate=1.00 mean_advantage=+3.131 (32.2s, 1.0s/move)
[08:39:09] step 1071/2000: loss=0.0000 grad_norm=0.000 top_pick_rate=0.94 mean_advantage=+2.815 (33.0s, 1.0s/move)
[08:39:42] step 1072/2000: loss=0.0000 grad_norm=0.000 top_pick_rate=0.97 mean_advantage=+3.482 (33.1s, 1.0s/move)
[08:40:14] step 1073/2000: loss=0.0000 grad_norm=0.000 top_pick_rate=0.97 mean_advantage=+3.008 (32.3s, 1.0s/move)
[08:40:47] step 1074/2000: loss=0.0000 grad_norm=0.000 top_pick_rate=0.97 mean_advantage=+2.531 (32.6s, 1.0s/move)
[08:41:19] step 1075/2000: loss=0.0000 grad_norm=0.000 top_pick_rate=0.94 mean_advantage=+2.827 (32.1s, 1.0s/move)
[08:41:52] step 1076/2000: loss=0.0000 grad_norm=0.000 top_pick_rate=0.94 mean_advantage=+3.199 (32.6s, 1.0s/move)
[08:42:24] step 1077/2000: loss=0.0000 grad_norm=0.000 top_pick_rate=1.00 mean_advantage=+3.014 (32.6s, 1.0s/move)
[08:42:57] step 1078/2000: loss=0.0000 grad_norm=0.000 top_pick_rate=0.94 mean_advantage=+2.863 (32.2s, 1.0s/move)
[08:43:29] step 1079/2000: loss=0.0000 grad_norm=0.000 top_pick_rate=0.94 mean_advantage=+2.534 (32.5s, 1.0s/move)
[08:44:02] step 1080/2000: loss=0.0000 grad_norm=0.000 top_pick_rate=0.97 mean_advantage=+2.913 (32.5s, 1.0s/move)
[08:44:34] step 1081/2000: loss=0.0000 grad_norm=0.000 top_pick_rate=0.94 mean_advantage=+3.278 (32.5s, 1.0s/move)
[08:45:06] step 1082/2000: loss=0.0000 grad_norm=0.000 top_pick_rate=0.91 mean_advantage=+3.136 (32.3s, 1.0s/move)
[08:45:39] step 1083/2000: loss=0.0000 grad_norm=0.000 top_pick_rate=0.94 mean_advantage=+3.471 (32.4s, 1.0s/move)
[08:46:11] step 1084/2000: loss=0.0000 grad_norm=0.000 top_pick_rate=0.94 mean_advantage=+2.418 (32.6s, 1.0s/move)
[08:46:44] step 1085/2000: loss=0.0000 grad_norm=0.000 top_pick_rate=0.94 mean_advantage=+3.067 (32.8s, 1.0s/move)
[08:47:17] step 1086/2000: loss=0.0000 grad_norm=0.000 top_pick_rate=1.00 mean_advantage=+3.755 (32.5s, 1.0s/move)
[08:47:50] step 1087/2000: loss=0.0000 grad_norm=0.000 top_pick_rate=0.94 mean_advantage=+3.578 (32.9s, 1.0s/move)
[08:48:23] step 1088/2000: loss=0.0000 grad_norm=0.000 top_pick_rate=1.00 mean_advantage=+3.061 (33.7s, 1.1s/move)
[08:48:57] step 1089/2000: loss=0.0000 grad_norm=0.000 top_pick_rate=1.00 mean_advantage=+3.334 (33.3s, 1.0s/move)
[08:49:30] step 1090/2000: loss=0.0000 grad_norm=0.000 top_pick_rate=0.94 mean_advantage=+2.194 (33.7s, 1.1s/move)
[08:50:04] step 1091/2000: loss=0.0000 grad_norm=0.000 top_pick_rate=0.97 mean_advantage=+2.601 (33.5s, 1.0s/move)
[08:50:37] step 1092/2000: loss=0.0000 grad_norm=0.000 top_pick_rate=0.94 mean_advantage=+3.375 (33.1s, 1.0s/move)
[08:51:11] step 1093/2000: loss=0.0000 grad_norm=0.000 top_pick_rate=0.91 mean_advantage=+3.507 (33.4s, 1.0s/move)
[08:51:44] step 1094/2000: loss=0.0000 grad_norm=0.000 top_pick_rate=1.00 mean_advantage=+2.268 (33.5s, 1.0s/move)
[08:52:17] step 1095/2000: loss=0.0000 grad_norm=0.000 top_pick_rate=0.94 mean_advantage=+3.567 (33.2s, 1.0s/move)
[08:52:50] step 1096/2000: loss=0.0000 grad_norm=0.000 top_pick_rate=0.94 mean_advantage=+2.991 (33.1s, 1.0s/move)
[08:53:24] step 1097/2000: loss=0.0000 grad_norm=0.000 top_pick_rate=0.97 mean_advantage=+3.725 (33.1s, 1.0s/move)
[08:53:57] step 1098/2000: loss=0.0000 grad_norm=0.000 top_pick_rate=0.84 mean_advantage=+2.666 (33.0s, 1.0s/move)
[08:54:30] step 1099/2000: loss=0.0000 grad_norm=0.000 top_pick_rate=0.97 mean_advantage=+2.087 (33.2s, 1.0s/move)
[08:55:03] step 1100/2000: loss=0.0000 grad_norm=0.000 top_pick_rate=0.97 mean_advantage=+3.548 (32.9s, 1.0s/move)
[09:00:52]   eval @ step 1100: mean_score=17380 mean_lines=157.60 max_score=18200 (350s for 5 games)
[09:00:58] saved checkpoint: /vol/bennylin-solar/New/PACT/RL/runs/tetris-rl/step-1100 (and latest/)
[09:01:31] step 1101/2000: loss=0.0000 grad_norm=0.000 top_pick_rate=0.94 mean_advantage=+2.584 (33.0s, 1.0s/move)
[09:02:04] step 1102/2000: loss=0.0000 grad_norm=0.000 top_pick_rate=0.97 mean_advantage=+2.859 (33.3s, 1.0s/move)
[09:02:38] step 1103/2000: loss=0.0000 grad_norm=0.000 top_pick_rate=0.91 mean_advantage=+2.619 (33.4s, 1.0s/move)
[09:03:11] step 1104/2000: loss=0.0026 grad_norm=19.415 top_pick_rate=0.91 mean_advantage=+2.680 (33.0s, 1.0s/move)
[09:03:44] step 1105/2000: loss=0.0000 grad_norm=0.000 top_pick_rate=1.00 mean_advantage=+2.861 (33.1s, 1.0s/move)
[09:04:17] step 1106/2000: loss=0.0000 grad_norm=0.000 top_pick_rate=0.97 mean_advantage=+2.201 (33.3s, 1.0s/move)
[09:04:50] step 1107/2000: loss=0.0000 grad_norm=0.000 top_pick_rate=1.00 mean_advantage=+3.297 (33.1s, 1.0s/move)
[09:05:23] step 1108/2000: loss=0.0000 grad_norm=0.000 top_pick_rate=0.94 mean_advantage=+2.616 (32.8s, 1.0s/move)
[09:05:55] step 1109/2000: loss=0.0000 grad_norm=0.000 top_pick_rate=0.91 mean_advantage=+2.774 (32.6s, 1.0s/move)
[09:06:28] step 1110/2000: loss=0.0000 grad_norm=0.000 top_pick_rate=0.97 mean_advantage=+3.335 (32.7s, 1.0s/move)
[09:07:01] step 1111/2000: loss=0.0000 grad_norm=0.000 top_pick_rate=0.91 mean_advantage=+2.595 (32.5s, 1.0s/move)
[09:07:33] step 1112/2000: loss=-0.0010 grad_norm=39.375 top_pick_rate=0.97 mean_advantage=+2.702 (32.3s, 1.0s/move)
[09:08:06] step 1113/2000: loss=0.0000 grad_norm=0.000 top_pick_rate=0.97 mean_advantage=+2.751 (32.6s, 1.0s/move)
[09:08:38] step 1114/2000: loss=0.0000 grad_norm=0.000 top_pick_rate=0.94 mean_advantage=+2.587 (32.4s, 1.0s/move)
[09:09:10] step 1115/2000: loss=0.0000 grad_norm=0.000 top_pick_rate=0.97 mean_advantage=+3.260 (32.1s, 1.0s/move)
[09:09:42] step 1116/2000: loss=0.0000 grad_norm=0.000 top_pick_rate=0.97 mean_advantage=+2.531 (32.4s, 1.0s/move)
[09:10:15] step 1117/2000: loss=0.0000 grad_norm=0.000 top_pick_rate=0.84 mean_advantage=+2.805 (32.4s, 1.0s/move)
[09:10:49] step 1118/2000: loss=-0.0000 grad_norm=0.001 top_pick_rate=0.84 mean_advantage=+3.318 (33.7s, 1.1s/move)
[09:11:22] step 1119/2000: loss=-0.0000 grad_norm=0.450 top_pick_rate=0.94 mean_advantage=+2.842 (32.9s, 1.0s/move)
[09:11:54] step 1120/2000: loss=0.0000 grad_norm=0.000 top_pick_rate=0.88 mean_advantage=+3.002 (32.6s, 1.0s/move)
[09:12:26] step 1121/2000: loss=0.0000 grad_norm=0.003 top_pick_rate=0.91 mean_advantage=+2.802 (32.3s, 1.0s/move)
[09:12:59] step 1122/2000: loss=0.0000 grad_norm=0.000 top_pick_rate=0.84 mean_advantage=+3.299 (32.7s, 1.0s/move)
[09:13:32] step 1123/2000: loss=0.0000 grad_norm=0.000 top_pick_rate=0.91 mean_advantage=+2.899 (32.5s, 1.0s/move)
[09:14:04] step 1124/2000: loss=0.0000 grad_norm=0.000 top_pick_rate=0.97 mean_advantage=+2.798 (32.4s, 1.0s/move)
[09:14:37] step 1125/2000: loss=0.0000 grad_norm=0.606 top_pick_rate=0.94 mean_advantage=+3.004 (32.6s, 1.0s/move)
[09:15:09] step 1126/2000: loss=0.0000 grad_norm=0.000 top_pick_rate=0.91 mean_advantage=+3.207 (32.1s, 1.0s/move)
[09:15:41] step 1127/2000: loss=0.0000 grad_norm=0.000 top_pick_rate=0.88 mean_advantage=+2.973 (32.6s, 1.0s/move)
[09:16:14] step 1128/2000: loss=0.0000 grad_norm=0.000 top_pick_rate=0.94 mean_advantage=+2.926 (32.7s, 1.0s/move)
[09:16:47] step 1129/2000: loss=0.0000 grad_norm=0.000 top_pick_rate=0.88 mean_advantage=+2.962 (33.1s, 1.0s/move)
[09:17:20] step 1130/2000: loss=0.0000 grad_norm=0.008 top_pick_rate=0.88 mean_advantage=+3.889 (32.6s, 1.0s/move)
[09:17:52] step 1131/2000: loss=0.0002 grad_norm=2.172 top_pick_rate=0.94 mean_advantage=+2.777 (32.5s, 1.0s/move)
[09:18:25] step 1132/2000: loss=0.0000 grad_norm=0.000 top_pick_rate=0.91 mean_advantage=+3.058 (32.3s, 1.0s/move)
[09:18:57] step 1133/2000: loss=0.0000 grad_norm=0.000 top_pick_rate=1.00 mean_advantage=+3.710 (32.5s, 1.0s/move)
[09:19:30] step 1134/2000: loss=0.0000 grad_norm=0.001 top_pick_rate=0.88 mean_advantage=+2.953 (32.7s, 1.0s/move)
[09:20:02] step 1135/2000: loss=0.0000 grad_norm=0.000 top_pick_rate=0.84 mean_advantage=+3.116 (32.6s, 1.0s/move)
[09:20:35] step 1136/2000: loss=0.0000 grad_norm=0.000 top_pick_rate=0.94 mean_advantage=+3.077 (32.3s, 1.0s/move)
[09:21:07] step 1137/2000: loss=0.0000 grad_norm=0.000 top_pick_rate=0.91 mean_advantage=+3.349 (32.4s, 1.0s/move)
[09:21:40] step 1138/2000: loss=0.0000 grad_norm=0.000 top_pick_rate=0.84 mean_advantage=+3.420 (32.5s, 1.0s/move)
[09:22:12] step 1139/2000: loss=0.0000 grad_norm=0.000 top_pick_rate=0.84 mean_advantage=+2.705 (32.2s, 1.0s/move)
[09:22:44] step 1140/2000: loss=0.0000 grad_norm=0.000 top_pick_rate=0.94 mean_advantage=+4.528 (32.4s, 1.0s/move)
[09:23:17] step 1141/2000: loss=0.0000 grad_norm=0.000 top_pick_rate=0.91 mean_advantage=+2.372 (32.5s, 1.0s/move)
[09:23:49] step 1142/2000: loss=0.0000 grad_norm=0.000 top_pick_rate=0.94 mean_advantage=+3.037 (32.5s, 1.0s/move)
[09:24:22] step 1143/2000: loss=0.0000 grad_norm=0.000 top_pick_rate=0.94 mean_advantage=+3.182 (32.3s, 1.0s/move)
[09:24:54] step 1144/2000: loss=0.0000 grad_norm=0.000 top_pick_rate=0.91 mean_advantage=+2.526 (32.5s, 1.0s/move)
[09:25:27] step 1145/2000: loss=0.0000 grad_norm=0.000 top_pick_rate=0.97 mean_advantage=+3.527 (32.5s, 1.0s/move)
[09:26:00] step 1146/2000: loss=0.0000 grad_norm=0.000 top_pick_rate=0.88 mean_advantage=+3.050 (33.6s, 1.0s/move)
[09:26:33] step 1147/2000: loss=0.0000 grad_norm=0.000 top_pick_rate=0.81 mean_advantage=+3.243 (32.9s, 1.0s/move)
[09:27:06] step 1148/2000: loss=0.0000 grad_norm=0.000 top_pick_rate=0.88 mean_advantage=+2.930 (32.7s, 1.0s/move)
[09:27:38] step 1149/2000: loss=0.0000 grad_norm=0.000 top_pick_rate=0.91 mean_advantage=+2.744 (32.5s, 1.0s/move)
[09:28:11] step 1150/2000: loss=0.0000 grad_norm=0.000 top_pick_rate=0.81 mean_advantage=+3.574 (32.6s, 1.0s/move)
[09:34:02]   eval @ step 1150: mean_score=17940 mean_lines=157.60 max_score=18700 (351s for 5 games)
[09:34:07] saved checkpoint: /vol/bennylin-solar/New/PACT/RL/runs/tetris-rl/step-1150 (and latest/)
[09:34:40] step 1151/2000: loss=0.0000 grad_norm=0.000 top_pick_rate=0.97 mean_advantage=+3.244 (32.6s, 1.0s/move)
[09:35:12] step 1152/2000: loss=0.0000 grad_norm=0.000 top_pick_rate=0.94 mean_advantage=+2.923 (32.6s, 1.0s/move)
[09:35:45] step 1153/2000: loss=0.0000 grad_norm=0.000 top_pick_rate=0.94 mean_advantage=+3.109 (32.6s, 1.0s/move)
[09:36:17] step 1154/2000: loss=0.0000 grad_norm=0.000 top_pick_rate=0.94 mean_advantage=+3.599 (32.5s, 1.0s/move)
[09:36:50] step 1155/2000: loss=0.0000 grad_norm=0.000 top_pick_rate=0.75 mean_advantage=+2.508 (32.7s, 1.0s/move)
[09:37:22] step 1156/2000: loss=0.0000 grad_norm=0.000 top_pick_rate=0.88 mean_advantage=+2.035 (32.5s, 1.0s/move)
[09:37:55] step 1157/2000: loss=0.0000 grad_norm=0.000 top_pick_rate=0.97 mean_advantage=+2.813 (32.6s, 1.0s/move)
[09:38:28] step 1158/2000: loss=0.0000 grad_norm=0.000 top_pick_rate=0.81 mean_advantage=+3.195 (32.5s, 1.0s/move)
[09:39:00] step 1159/2000: loss=0.0000 grad_norm=0.000 top_pick_rate=0.94 mean_advantage=+2.474 (32.6s, 1.0s/move)
[09:39:33] step 1160/2000: loss=0.0000 grad_norm=0.000 top_pick_rate=0.91 mean_advantage=+2.428 (33.4s, 1.0s/move)
[09:40:06] step 1161/2000: loss=0.0000 grad_norm=0.000 top_pick_rate=0.91 mean_advantage=+2.602 (32.3s, 1.0s/move)
[09:40:39] step 1162/2000: loss=0.0000 grad_norm=0.000 top_pick_rate=0.78 mean_advantage=+2.686 (33.2s, 1.0s/move)
[09:41:12] step 1163/2000: loss=0.0000 grad_norm=0.000 top_pick_rate=0.91 mean_advantage=+3.337 (32.8s, 1.0s/move)
[09:41:44] step 1164/2000: loss=0.0000 grad_norm=0.467 top_pick_rate=0.88 mean_advantage=+3.027 (32.3s, 1.0s/move)
[09:42:17] step 1165/2000: loss=0.0006 grad_norm=9.315 top_pick_rate=0.78 mean_advantage=+3.018 (32.5s, 1.0s/move)
[09:42:49] step 1166/2000: loss=0.0000 grad_norm=0.000 top_pick_rate=0.84 mean_advantage=+2.939 (32.7s, 1.0s/move)
[09:43:23] step 1167/2000: loss=0.0001 grad_norm=2.567 top_pick_rate=0.91 mean_advantage=+3.376 (33.4s, 1.0s/move)
[09:43:55] step 1168/2000: loss=0.0000 grad_norm=0.000 top_pick_rate=0.97 mean_advantage=+3.547 (32.5s, 1.0s/move)
[09:44:28] step 1169/2000: loss=0.0000 grad_norm=0.000 top_pick_rate=0.91 mean_advantage=+2.689 (32.4s, 1.0s/move)
[09:45:00] step 1170/2000: loss=0.0000 grad_norm=0.000 top_pick_rate=0.97 mean_advantage=+3.500 (32.5s, 1.0s/move)
[09:45:32] step 1171/2000: loss=0.0010 grad_norm=27.156 top_pick_rate=0.91 mean_advantage=+3.137 (32.3s, 1.0s/move)
[09:46:05] step 1172/2000: loss=0.0006 grad_norm=5.172 top_pick_rate=0.88 mean_advantage=+3.908 (32.5s, 1.0s/move)
[09:46:38] step 1173/2000: loss=0.0000 grad_norm=0.000 top_pick_rate=0.88 mean_advantage=+3.165 (32.9s, 1.0s/move)
[09:47:11] step 1174/2000: loss=0.0000 grad_norm=0.000 top_pick_rate=0.88 mean_advantage=+3.325 (33.4s, 1.0s/move)
[09:47:44] step 1175/2000: loss=0.0000 grad_norm=0.113 top_pick_rate=0.88 mean_advantage=+3.222 (33.1s, 1.0s/move)
[09:48:18] step 1176/2000: loss=0.0000 grad_norm=0.040 top_pick_rate=0.94 mean_advantage=+3.545 (33.5s, 1.0s/move)
[09:48:51] step 1177/2000: loss=0.0000 grad_norm=0.000 top_pick_rate=0.97 mean_advantage=+2.487 (33.1s, 1.0s/move)
[09:49:24] step 1178/2000: loss=0.0000 grad_norm=0.018 top_pick_rate=0.91 mean_advantage=+2.479 (33.3s, 1.0s/move)
[09:49:58] step 1179/2000: loss=0.0000 grad_norm=0.000 top_pick_rate=0.84 mean_advantage=+3.588 (33.5s, 1.0s/move)
[09:50:31] step 1180/2000: loss=0.0001 grad_norm=1.318 top_pick_rate=0.84 mean_advantage=+2.612 (33.2s, 1.0s/move)
[09:51:04] step 1181/2000: loss=0.0000 grad_norm=0.000 top_pick_rate=0.91 mean_advantage=+4.103 (32.8s, 1.0s/move)
[09:51:36] step 1182/2000: loss=0.0000 grad_norm=0.000 top_pick_rate=1.00 mean_advantage=+2.743 (32.7s, 1.0s/move)
[09:52:09] step 1183/2000: loss=0.0000 grad_norm=0.000 top_pick_rate=0.94 mean_advantage=+3.129 (32.3s, 1.0s/move)
[09:52:41] step 1184/2000: loss=0.0000 grad_norm=0.000 top_pick_rate=0.91 mean_advantage=+3.185 (32.6s, 1.0s/move)
[09:53:14] step 1185/2000: loss=0.0000 grad_norm=0.000 top_pick_rate=0.94 mean_advantage=+3.534 (32.9s, 1.0s/move)
[09:53:48] step 1186/2000: loss=0.0000 grad_norm=0.000 top_pick_rate=0.88 mean_advantage=+2.827 (33.5s, 1.0s/move)
[09:54:21] step 1187/2000: loss=0.0000 grad_norm=0.049 top_pick_rate=0.78 mean_advantage=+3.337 (33.4s, 1.0s/move)
[09:54:54] step 1188/2000: loss=0.0059 grad_norm=49.769 top_pick_rate=0.91 mean_advantage=+2.980 (33.2s, 1.0s/move)
[09:55:27] step 1189/2000: loss=0.0000 grad_norm=0.000 top_pick_rate=0.88 mean_advantage=+2.501 (33.3s, 1.0s/move)
[09:56:01] step 1190/2000: loss=0.0000 grad_norm=0.000 top_pick_rate=0.88 mean_advantage=+3.814 (33.3s, 1.0s/move)
[09:56:34] step 1191/2000: loss=0.0000 grad_norm=0.000 top_pick_rate=1.00 mean_advantage=+3.045 (32.8s, 1.0s/move)
[09:57:07] step 1192/2000: loss=0.0000 grad_norm=0.000 top_pick_rate=0.94 mean_advantage=+3.137 (33.4s, 1.0s/move)
[09:57:40] step 1193/2000: loss=0.0000 grad_norm=0.000 top_pick_rate=0.84 mean_advantage=+3.655 (33.2s, 1.0s/move)
[09:58:13] step 1194/2000: loss=0.0000 grad_norm=0.000 top_pick_rate=0.84 mean_advantage=+3.698 (32.9s, 1.0s/move)
[09:58:46] step 1195/2000: loss=0.0000 grad_norm=0.001 top_pick_rate=0.88 mean_advantage=+3.480 (33.3s, 1.0s/move)
[09:59:19] step 1196/2000: loss=0.0000 grad_norm=0.000 top_pick_rate=0.81 mean_advantage=+3.811 (33.0s, 1.0s/move)
[09:59:53] step 1197/2000: loss=0.0000 grad_norm=0.000 top_pick_rate=0.88 mean_advantage=+2.841 (33.2s, 1.0s/move)
[10:00:26] step 1198/2000: loss=0.0000 grad_norm=0.000 top_pick_rate=0.91 mean_advantage=+3.065 (33.0s, 1.0s/move)
[10:00:59] step 1199/2000: loss=0.0000 grad_norm=0.000 top_pick_rate=0.91 mean_advantage=+3.699 (33.3s, 1.0s/move)
[10:01:32] step 1200/2000: loss=0.0000 grad_norm=0.000 top_pick_rate=0.88 mean_advantage=+2.518 (33.1s, 1.0s/move)
[10:07:23]   eval @ step 1200: mean_score=17940 mean_lines=158.40 max_score=18500 (351s for 5 games)
[10:07:28] saved checkpoint: /vol/bennylin-solar/New/PACT/RL/runs/tetris-rl/step-1200 (and latest/)
[10:08:02] step 1201/2000: loss=0.0009 grad_norm=10.134 top_pick_rate=0.75 mean_advantage=+3.417 (33.5s, 1.0s/move)
[10:08:34] step 1202/2000: loss=0.0000 grad_norm=0.000 top_pick_rate=0.84 mean_advantage=+2.506 (32.3s, 1.0s/move)
[10:09:08] step 1203/2000: loss=0.0000 grad_norm=0.000 top_pick_rate=0.91 mean_advantage=+3.187 (33.5s, 1.0s/move)
[10:09:41] step 1204/2000: loss=0.0000 grad_norm=0.000 top_pick_rate=0.84 mean_advantage=+2.181 (33.5s, 1.0s/move)
[10:10:14] step 1205/2000: loss=0.0000 grad_norm=0.000 top_pick_rate=0.88 mean_advantage=+3.745 (33.2s, 1.0s/move)
[10:10:48] step 1206/2000: loss=0.0000 grad_norm=0.000 top_pick_rate=0.94 mean_advantage=+2.491 (33.4s, 1.0s/move)
[10:11:21] step 1207/2000: loss=0.0001 grad_norm=0.694 top_pick_rate=0.78 mean_advantage=+3.575 (33.2s, 1.0s/move)
[10:11:55] step 1208/2000: loss=0.0000 grad_norm=1.159 top_pick_rate=0.72 mean_advantage=+2.372 (33.6s, 1.1s/move)
[10:12:28] step 1209/2000: loss=0.0000 grad_norm=0.008 top_pick_rate=0.88 mean_advantage=+3.326 (33.2s, 1.0s/move)
[10:13:01] step 1210/2000: loss=0.0000 grad_norm=0.000 top_pick_rate=0.81 mean_advantage=+3.149 (33.1s, 1.0s/move)
[10:13:33] step 1211/2000: loss=0.0000 grad_norm=0.000 top_pick_rate=0.84 mean_advantage=+3.058 (32.5s, 1.0s/move)
[10:14:06] step 1212/2000: loss=0.0174 grad_norm=141.815 top_pick_rate=0.78 mean_advantage=+3.210 (32.7s, 1.0s/move)
[10:14:38] step 1213/2000: loss=0.0000 grad_norm=0.000 top_pick_rate=0.81 mean_advantage=+3.349 (32.3s, 1.0s/move)
[10:15:11] step 1214/2000: loss=0.0000 grad_norm=0.000 top_pick_rate=0.94 mean_advantage=+3.455 (32.5s, 1.0s/move)
[10:15:43] step 1215/2000: loss=0.0000 grad_norm=0.000 top_pick_rate=0.62 mean_advantage=+2.532 (32.4s, 1.0s/move)
[10:16:16] step 1216/2000: loss=0.0000 grad_norm=0.000 top_pick_rate=0.78 mean_advantage=+3.857 (32.8s, 1.0s/move)
[10:16:50] step 1217/2000: loss=0.0000 grad_norm=0.000 top_pick_rate=0.72 mean_advantage=+2.422 (33.4s, 1.0s/move)
[10:17:23] step 1218/2000: loss=0.0000 grad_norm=0.000 top_pick_rate=0.62 mean_advantage=+3.810 (33.7s, 1.1s/move)
[10:17:57] step 1219/2000: loss=0.0000 grad_norm=0.001 top_pick_rate=0.78 mean_advantage=+3.880 (33.3s, 1.0s/move)
[10:18:30] step 1220/2000: loss=0.0004 grad_norm=2.660 top_pick_rate=0.72 mean_advantage=+3.005 (33.8s, 1.1s/move)
[10:19:04] step 1221/2000: loss=0.0002 grad_norm=3.082 top_pick_rate=0.53 mean_advantage=+3.219 (34.1s, 1.1s/move)
[10:19:37] step 1222/2000: loss=0.0000 grad_norm=0.000 top_pick_rate=0.91 mean_advantage=+3.186 (32.9s, 1.0s/move)
[10:20:11] step 1223/2000: loss=0.0000 grad_norm=0.000 top_pick_rate=0.91 mean_advantage=+2.965 (33.1s, 1.0s/move)
[10:20:44] step 1224/2000: loss=0.0004 grad_norm=8.722 top_pick_rate=0.81 mean_advantage=+3.096 (33.4s, 1.0s/move)
[10:21:17] step 1225/2000: loss=0.0000 grad_norm=0.000 top_pick_rate=0.81 mean_advantage=+3.060 (33.1s, 1.0s/move)
[10:21:50] step 1226/2000: loss=0.0000 grad_norm=0.000 top_pick_rate=1.00 mean_advantage=+2.768 (33.0s, 1.0s/move)
[10:22:23] step 1227/2000: loss=0.0000 grad_norm=0.000 top_pick_rate=0.88 mean_advantage=+2.957 (33.3s, 1.0s/move)
[10:22:56] step 1228/2000: loss=0.0000 grad_norm=0.000 top_pick_rate=0.88 mean_advantage=+2.982 (32.8s, 1.0s/move)
[10:23:29] step 1229/2000: loss=0.0009 grad_norm=13.902 top_pick_rate=0.75 mean_advantage=+3.382 (32.7s, 1.0s/move)
[10:24:02] step 1230/2000: loss=0.0000 grad_norm=0.001 top_pick_rate=0.84 mean_advantage=+1.888 (32.6s, 1.0s/move)
[10:24:34] step 1231/2000: loss=0.0000 grad_norm=0.000 top_pick_rate=0.94 mean_advantage=+3.216 (32.7s, 1.0s/move)
[10:25:07] step 1232/2000: loss=0.0000 grad_norm=0.000 top_pick_rate=0.84 mean_advantage=+2.803 (32.6s, 1.0s/move)
[10:25:39] step 1233/2000: loss=0.0250 grad_norm=148.229 top_pick_rate=0.78 mean_advantage=+3.051 (32.4s, 1.0s/move)
[10:26:12] step 1234/2000: loss=0.0000 grad_norm=0.000 top_pick_rate=0.81 mean_advantage=+2.832 (33.1s, 1.0s/move)
[10:26:45] step 1235/2000: loss=0.2456 grad_norm=1481.718 top_pick_rate=0.81 mean_advantage=+3.621 (33.0s, 1.0s/move)
[10:27:18] step 1236/2000: loss=0.0000 grad_norm=0.000 top_pick_rate=0.97 mean_advantage=+2.662 (32.6s, 1.0s/move)
[10:27:51] step 1237/2000: loss=0.0000 grad_norm=0.000 top_pick_rate=1.00 mean_advantage=+3.330 (33.0s, 1.0s/move)
[10:28:24] step 1238/2000: loss=0.0000 grad_norm=0.000 top_pick_rate=0.91 mean_advantage=+3.328 (32.6s, 1.0s/move)
[10:28:56] step 1239/2000: loss=0.0000 grad_norm=0.000 top_pick_rate=1.00 mean_advantage=+3.810 (32.7s, 1.0s/move)
[10:29:29] step 1240/2000: loss=0.0000 grad_norm=0.000 top_pick_rate=0.94 mean_advantage=+2.291 (32.5s, 1.0s/move)
[10:30:01] step 1241/2000: loss=0.0000 grad_norm=0.000 top_pick_rate=0.97 mean_advantage=+2.387 (32.2s, 1.0s/move)
[10:30:34] step 1242/2000: loss=0.0000 grad_norm=0.000 top_pick_rate=0.97 mean_advantage=+3.790 (32.6s, 1.0s/move)
[10:31:06] step 1243/2000: loss=0.0000 grad_norm=0.000 top_pick_rate=1.00 mean_advantage=+2.834 (32.4s, 1.0s/move)
[10:31:38] step 1244/2000: loss=0.0000 grad_norm=0.063 top_pick_rate=0.94 mean_advantage=+3.027 (32.2s, 1.0s/move)
[10:32:11] step 1245/2000: loss=0.0000 grad_norm=0.000 top_pick_rate=0.97 mean_advantage=+2.672 (32.6s, 1.0s/move)
[10:32:44] step 1246/2000: loss=0.0000 grad_norm=0.000 top_pick_rate=1.00 mean_advantage=+2.361 (32.9s, 1.0s/move)
[10:33:16] step 1247/2000: loss=0.0785 grad_norm=2193.522 top_pick_rate=0.97 mean_advantage=+2.964 (32.2s, 1.0s/move)
[10:33:49] step 1248/2000: loss=0.0000 grad_norm=0.000 top_pick_rate=0.94 mean_advantage=+3.260 (32.8s, 1.0s/move)
[10:34:22] step 1249/2000: loss=0.0000 grad_norm=0.000 top_pick_rate=1.00 mean_advantage=+2.125 (32.8s, 1.0s/move)
[10:34:54] step 1250/2000: loss=0.0000 grad_norm=0.000 top_pick_rate=1.00 mean_advantage=+3.732 (32.6s, 1.0s/move)
[10:40:44]   eval @ step 1250: mean_score=17340 mean_lines=158.60 max_score=17700 (350s for 5 games)
[10:40:50] saved checkpoint: /vol/bennylin-solar/New/PACT/RL/runs/tetris-rl/step-1250 (and latest/)
[10:41:22] step 1251/2000: loss=0.0000 grad_norm=0.000 top_pick_rate=1.00 mean_advantage=+2.297 (32.7s, 1.0s/move)
[10:41:56] step 1252/2000: loss=0.0000 grad_norm=0.000 top_pick_rate=0.97 mean_advantage=+2.753 (33.4s, 1.0s/move)
[10:42:29] step 1253/2000: loss=0.0031 grad_norm=17.453 top_pick_rate=0.94 mean_advantage=+3.368 (33.2s, 1.0s/move)
[10:43:02] step 1254/2000: loss=0.0000 grad_norm=0.000 top_pick_rate=0.91 mean_advantage=+2.814 (33.1s, 1.0s/move)
[10:43:34] step 1255/2000: loss=0.0000 grad_norm=0.000 top_pick_rate=0.91 mean_advantage=+2.674 (32.3s, 1.0s/move)
[10:44:07] step 1256/2000: loss=0.0000 grad_norm=0.000 top_pick_rate=0.94 mean_advantage=+3.484 (33.2s, 1.0s/move)
[10:44:40] step 1257/2000: loss=0.0000 grad_norm=0.000 top_pick_rate=0.97 mean_advantage=+2.697 (32.4s, 1.0s/move)
[10:45:13] step 1258/2000: loss=0.0000 grad_norm=0.052 top_pick_rate=0.88 mean_advantage=+2.455 (33.3s, 1.0s/move)
[10:45:46] step 1259/2000: loss=0.0000 grad_norm=0.001 top_pick_rate=0.81 mean_advantage=+2.923 (33.2s, 1.0s/move)
[10:46:20] step 1260/2000: loss=0.0000 grad_norm=0.000 top_pick_rate=0.94 mean_advantage=+3.071 (33.4s, 1.0s/move)
[10:46:53] step 1261/2000: loss=0.0000 grad_norm=0.006 top_pick_rate=0.91 mean_advantage=+2.994 (33.3s, 1.0s/move)
[10:47:26] step 1262/2000: loss=0.0000 grad_norm=0.000 top_pick_rate=0.91 mean_advantage=+2.751 (32.5s, 1.0s/move)
[10:47:59] step 1263/2000: loss=0.0000 grad_norm=0.000 top_pick_rate=1.00 mean_advantage=+2.903 (33.2s, 1.0s/move)
[10:48:32] step 1264/2000: loss=0.0000 grad_norm=0.000 top_pick_rate=0.88 mean_advantage=+3.188 (33.6s, 1.0s/move)
[10:49:06] step 1265/2000: loss=0.0000 grad_norm=0.637 top_pick_rate=0.91 mean_advantage=+3.084 (33.1s, 1.0s/move)
[10:49:39] step 1266/2000: loss=0.0000 grad_norm=0.001 top_pick_rate=0.91 mean_advantage=+2.302 (33.3s, 1.0s/move)
[10:50:11] step 1267/2000: loss=0.0000 grad_norm=0.000 top_pick_rate=0.91 mean_advantage=+2.905 (32.3s, 1.0s/move)
[10:50:44] step 1268/2000: loss=0.0000 grad_norm=0.000 top_pick_rate=1.00 mean_advantage=+2.589 (32.7s, 1.0s/move)
[10:51:16] step 1269/2000: loss=0.0000 grad_norm=0.000 top_pick_rate=0.88 mean_advantage=+2.355 (32.6s, 1.0s/move)
[10:51:49] step 1270/2000: loss=0.0000 grad_norm=0.000 top_pick_rate=0.91 mean_advantage=+3.020 (33.0s, 1.0s/move)
[10:52:22] step 1271/2000: loss=0.0000 grad_norm=0.000 top_pick_rate=0.84 mean_advantage=+2.664 (32.4s, 1.0s/move)
[10:52:54] step 1272/2000: loss=0.0000 grad_norm=0.000 top_pick_rate=0.88 mean_advantage=+2.673 (32.6s, 1.0s/move)
[10:53:27] step 1273/2000: loss=0.0000 grad_norm=0.000 top_pick_rate=0.97 mean_advantage=+3.473 (32.6s, 1.0s/move)
[10:53:59] step 1274/2000: loss=0.0000 grad_norm=0.000 top_pick_rate=0.94 mean_advantage=+3.292 (32.4s, 1.0s/move)
[10:54:32] step 1275/2000: loss=0.0000 grad_norm=0.000 top_pick_rate=0.91 mean_advantage=+2.077 (32.6s, 1.0s/move)
[10:55:05] step 1276/2000: loss=0.0000 grad_norm=0.000 top_pick_rate=1.00 mean_advantage=+2.701 (32.6s, 1.0s/move)
[10:55:37] step 1277/2000: loss=0.0040 grad_norm=82.739 top_pick_rate=0.94 mean_advantage=+3.572 (32.2s, 1.0s/move)
[10:56:09] step 1278/2000: loss=0.0000 grad_norm=0.004 top_pick_rate=0.91 mean_advantage=+3.510 (32.6s, 1.0s/move)
[10:56:42] step 1279/2000: loss=0.0000 grad_norm=0.018 top_pick_rate=0.97 mean_advantage=+3.173 (33.0s, 1.0s/move)
[10:57:15] step 1280/2000: loss=0.0000 grad_norm=0.006 top_pick_rate=0.91 mean_advantage=+2.971 (32.7s, 1.0s/move)
[10:57:48] step 1281/2000: loss=0.0000 grad_norm=0.000 top_pick_rate=0.94 mean_advantage=+3.267 (32.8s, 1.0s/move)
[10:58:20] step 1282/2000: loss=0.0000 grad_norm=0.000 top_pick_rate=0.97 mean_advantage=+3.326 (32.5s, 1.0s/move)
[10:58:53] step 1283/2000: loss=0.0000 grad_norm=0.268 top_pick_rate=0.88 mean_advantage=+3.123 (33.0s, 1.0s/move)
[10:59:27] step 1284/2000: loss=0.0000 grad_norm=0.000 top_pick_rate=0.81 mean_advantage=+2.973 (33.4s, 1.0s/move)
[11:00:00] step 1285/2000: loss=0.0000 grad_norm=0.000 top_pick_rate=0.91 mean_advantage=+3.381 (33.5s, 1.0s/move)
[11:00:34] step 1286/2000: loss=0.0013 grad_norm=8.029 top_pick_rate=0.75 mean_advantage=+2.764 (33.4s, 1.0s/move)
[11:01:07] step 1287/2000: loss=0.0000 grad_norm=0.000 top_pick_rate=0.91 mean_advantage=+3.272 (33.3s, 1.0s/move)
[11:01:41] step 1288/2000: loss=0.0000 grad_norm=0.000 top_pick_rate=0.81 mean_advantage=+3.249 (33.7s, 1.1s/move)
[11:02:14] step 1289/2000: loss=0.0000 grad_norm=0.000 top_pick_rate=0.94 mean_advantage=+3.420 (33.2s, 1.0s/move)
[11:02:47] step 1290/2000: loss=0.0000 grad_norm=0.006 top_pick_rate=0.91 mean_advantage=+3.452 (33.3s, 1.0s/move)
[11:03:21] step 1291/2000: loss=0.0000 grad_norm=0.000 top_pick_rate=0.75 mean_advantage=+2.504 (33.4s, 1.0s/move)
[11:03:53] step 1292/2000: loss=0.0000 grad_norm=0.000 top_pick_rate=0.91 mean_advantage=+3.749 (32.5s, 1.0s/move)
[11:04:26] step 1293/2000: loss=0.0000 grad_norm=0.000 top_pick_rate=0.97 mean_advantage=+3.375 (33.2s, 1.0s/move)
[11:05:00] step 1294/2000: loss=-0.0000 grad_norm=0.008 top_pick_rate=0.84 mean_advantage=+2.473 (33.3s, 1.0s/move)
[11:05:33] step 1295/2000: loss=0.0006 grad_norm=14.973 top_pick_rate=0.97 mean_advantage=+2.921 (33.3s, 1.0s/move)
[11:06:07] step 1296/2000: loss=0.0000 grad_norm=0.000 top_pick_rate=0.91 mean_advantage=+3.702 (33.7s, 1.1s/move)
[11:06:40] step 1297/2000: loss=0.0000 grad_norm=0.000 top_pick_rate=0.81 mean_advantage=+2.962 (33.1s, 1.0s/move)
[11:07:13] step 1298/2000: loss=0.0000 grad_norm=0.321 top_pick_rate=0.97 mean_advantage=+3.119 (33.4s, 1.0s/move)
[11:07:47] step 1299/2000: loss=0.0022 grad_norm=15.593 top_pick_rate=0.88 mean_advantage=+2.962 (33.6s, 1.1s/move)
[11:08:19] step 1300/2000: loss=0.0000 grad_norm=0.000 top_pick_rate=0.91 mean_advantage=+3.172 (32.9s, 1.0s/move)
[11:14:10]   eval @ step 1300: mean_score=17360 mean_lines=158.00 max_score=17700 (351s for 5 games)
[11:14:16] saved checkpoint: /vol/bennylin-solar/New/PACT/RL/runs/tetris-rl/step-1300 (and latest/)
[11:14:49] step 1301/2000: loss=0.1060 grad_norm=702.985 top_pick_rate=0.84 mean_advantage=+2.914 (32.7s, 1.0s/move)
[11:15:22] step 1302/2000: loss=0.0000 grad_norm=0.000 top_pick_rate=0.94 mean_advantage=+2.777 (33.1s, 1.0s/move)
[11:15:55] step 1303/2000: loss=0.0000 grad_norm=0.000 top_pick_rate=0.75 mean_advantage=+3.091 (33.5s, 1.0s/move)
[11:16:29] step 1304/2000: loss=0.0000 grad_norm=0.017 top_pick_rate=0.75 mean_advantage=+2.909 (33.2s, 1.0s/move)
[11:17:02] step 1305/2000: loss=0.0003 grad_norm=4.958 top_pick_rate=0.88 mean_advantage=+3.126 (33.3s, 1.0s/move)
[11:17:35] step 1306/2000: loss=0.0000 grad_norm=0.000 top_pick_rate=0.91 mean_advantage=+2.668 (33.1s, 1.0s/move)
[11:18:08] step 1307/2000: loss=0.0000 grad_norm=0.735 top_pick_rate=0.84 mean_advantage=+2.618 (33.3s, 1.0s/move)
[11:18:42] step 1308/2000: loss=0.0002 grad_norm=1.639 top_pick_rate=0.81 mean_advantage=+3.972 (33.5s, 1.0s/move)
[11:19:15] step 1309/2000: loss=0.0000 grad_norm=0.000 top_pick_rate=0.97 mean_advantage=+3.476 (33.0s, 1.0s/move)
[11:19:48] step 1310/2000: loss=0.0000 grad_norm=0.000 top_pick_rate=0.81 mean_advantage=+3.034 (33.5s, 1.0s/move)
[11:20:21] step 1311/2000: loss=0.0000 grad_norm=0.000 top_pick_rate=0.91 mean_advantage=+3.114 (32.9s, 1.0s/move)
[11:20:55] step 1312/2000: loss=0.0000 grad_norm=0.003 top_pick_rate=0.78 mean_advantage=+3.486 (33.2s, 1.0s/move)
[11:21:28] step 1313/2000: loss=0.0000 grad_norm=0.000 top_pick_rate=0.88 mean_advantage=+3.034 (33.1s, 1.0s/move)
[11:22:01] step 1314/2000: loss=0.0743 grad_norm=999.239 top_pick_rate=0.84 mean_advantage=+2.950 (33.6s, 1.0s/move)
[11:22:35] step 1315/2000: loss=0.0000 grad_norm=0.003 top_pick_rate=0.88 mean_advantage=+3.639 (33.5s, 1.0s/move)
[11:23:08] step 1316/2000: loss=0.0000 grad_norm=0.499 top_pick_rate=0.97 mean_advantage=+3.127 (32.9s, 1.0s/move)
[11:23:41] step 1317/2000: loss=0.0000 grad_norm=0.000 top_pick_rate=0.88 mean_advantage=+3.247 (33.3s, 1.0s/move)
[11:24:14] step 1318/2000: loss=0.0000 grad_norm=0.000 top_pick_rate=0.88 mean_advantage=+2.665 (33.3s, 1.0s/move)
[11:24:48] step 1319/2000: loss=0.0000 grad_norm=0.000 top_pick_rate=0.84 mean_advantage=+3.060 (33.4s, 1.0s/move)
[11:25:21] step 1320/2000: loss=0.0000 grad_norm=0.146 top_pick_rate=0.84 mean_advantage=+2.636 (33.0s, 1.0s/move)
[11:25:54] step 1321/2000: loss=0.0025 grad_norm=60.746 top_pick_rate=0.97 mean_advantage=+3.445 (33.3s, 1.0s/move)
[11:26:27] step 1322/2000: loss=0.0000 grad_norm=0.000 top_pick_rate=0.94 mean_advantage=+2.481 (33.3s, 1.0s/move)
[11:27:01] step 1323/2000: loss=0.0000 grad_norm=0.000 top_pick_rate=0.94 mean_advantage=+3.067 (33.4s, 1.0s/move)
[11:27:34] step 1324/2000: loss=0.0000 grad_norm=0.000 top_pick_rate=0.97 mean_advantage=+1.959 (33.0s, 1.0s/move)
[11:28:06] step 1325/2000: loss=0.0000 grad_norm=0.000 top_pick_rate=1.00 mean_advantage=+2.725 (32.6s, 1.0s/move)
[11:28:40] step 1326/2000: loss=0.0000 grad_norm=0.000 top_pick_rate=1.00 mean_advantage=+2.857 (33.4s, 1.0s/move)
[11:29:13] step 1327/2000: loss=0.0000 grad_norm=0.000 top_pick_rate=0.94 mean_advantage=+2.700 (33.0s, 1.0s/move)
[11:29:46] step 1328/2000: loss=0.0000 grad_norm=0.000 top_pick_rate=1.00 mean_advantage=+2.473 (33.5s, 1.0s/move)
[11:30:19] step 1329/2000: loss=0.0000 grad_norm=0.000 top_pick_rate=1.00 mean_advantage=+2.556 (33.2s, 1.0s/move)
[11:30:53] step 1330/2000: loss=0.0000 grad_norm=0.000 top_pick_rate=1.00 mean_advantage=+3.646 (33.4s, 1.0s/move)
[11:31:26] step 1331/2000: loss=0.0000 grad_norm=0.000 top_pick_rate=1.00 mean_advantage=+2.063 (33.3s, 1.0s/move)
[11:32:00] step 1332/2000: loss=0.0000 grad_norm=0.000 top_pick_rate=0.97 mean_advantage=+2.881 (33.6s, 1.0s/move)
[11:32:33] step 1333/2000: loss=0.0000 grad_norm=0.000 top_pick_rate=1.00 mean_advantage=+3.207 (33.5s, 1.0s/move)
[11:33:06] step 1334/2000: loss=0.0000 grad_norm=0.000 top_pick_rate=0.97 mean_advantage=+3.519 (32.9s, 1.0s/move)
[11:33:39] step 1335/2000: loss=0.0000 grad_norm=0.000 top_pick_rate=0.94 mean_advantage=+2.968 (33.1s, 1.0s/move)
[11:34:12] step 1336/2000: loss=0.0000 grad_norm=0.000 top_pick_rate=1.00 mean_advantage=+2.725 (32.9s, 1.0s/move)
[11:34:45] step 1337/2000: loss=0.0000 grad_norm=0.000 top_pick_rate=1.00 mean_advantage=+2.913 (33.2s, 1.0s/move)
[11:35:19] step 1338/2000: loss=0.0000 grad_norm=0.000 top_pick_rate=1.00 mean_advantage=+3.239 (33.3s, 1.0s/move)
[11:35:52] step 1339/2000: loss=0.0000 grad_norm=0.000 top_pick_rate=1.00 mean_advantage=+2.619 (33.3s, 1.0s/move)
[11:36:25] step 1340/2000: loss=0.0000 grad_norm=0.000 top_pick_rate=1.00 mean_advantage=+2.931 (33.0s, 1.0s/move)
[11:36:58] step 1341/2000: loss=0.0000 grad_norm=0.000 top_pick_rate=0.97 mean_advantage=+3.304 (32.7s, 1.0s/move)
[11:37:30] step 1342/2000: loss=0.0000 grad_norm=0.000 top_pick_rate=1.00 mean_advantage=+3.556 (32.5s, 1.0s/move)
[11:38:02] step 1343/2000: loss=0.0000 grad_norm=0.000 top_pick_rate=1.00 mean_advantage=+2.221 (32.3s, 1.0s/move)
[11:38:36] step 1344/2000: loss=0.0000 grad_norm=0.000 top_pick_rate=1.00 mean_advantage=+2.828 (33.2s, 1.0s/move)
[11:39:09] step 1345/2000: loss=0.0000 grad_norm=0.000 top_pick_rate=0.97 mean_advantage=+3.183 (33.7s, 1.1s/move)
[11:39:43] step 1346/2000: loss=0.0000 grad_norm=0.000 top_pick_rate=1.00 mean_advantage=+3.341 (33.4s, 1.0s/move)
[11:40:16] step 1347/2000: loss=0.0000 grad_norm=0.000 top_pick_rate=1.00 mean_advantage=+2.295 (33.6s, 1.0s/move)
[11:40:50] step 1348/2000: loss=0.0000 grad_norm=0.000 top_pick_rate=1.00 mean_advantage=+2.690 (33.5s, 1.0s/move)
[11:41:23] step 1349/2000: loss=0.0000 grad_norm=0.000 top_pick_rate=1.00 mean_advantage=+2.587 (33.4s, 1.0s/move)
[11:41:57] step 1350/2000: loss=0.0000 grad_norm=0.000 top_pick_rate=0.94 mean_advantage=+3.788 (33.5s, 1.0s/move)
[11:47:47]   eval @ step 1350: mean_score=16940 mean_lines=158.20 max_score=17400 (350s for 5 games)
[11:47:53] saved checkpoint: /vol/bennylin-solar/New/PACT/RL/runs/tetris-rl/step-1350 (and latest/)
[11:48:27] step 1351/2000: loss=0.0000 grad_norm=0.000 top_pick_rate=1.00 mean_advantage=+3.064 (33.8s, 1.1s/move)
[11:49:00] step 1352/2000: loss=0.0000 grad_norm=0.000 top_pick_rate=0.97 mean_advantage=+3.302 (33.0s, 1.0s/move)
[11:49:33] step 1353/2000: loss=0.0000 grad_norm=0.000 top_pick_rate=0.94 mean_advantage=+3.122 (33.5s, 1.0s/move)
[11:50:07] step 1354/2000: loss=0.0000 grad_norm=0.000 top_pick_rate=0.97 mean_advantage=+2.207 (33.5s, 1.0s/move)
[11:50:40] step 1355/2000: loss=0.0000 grad_norm=0.000 top_pick_rate=0.97 mean_advantage=+2.451 (33.3s, 1.0s/move)
[11:51:13] step 1356/2000: loss=0.0000 grad_norm=0.000 top_pick_rate=1.00 mean_advantage=+2.895 (33.4s, 1.0s/move)
[11:51:47] step 1357/2000: loss=0.0000 grad_norm=0.000 top_pick_rate=0.97 mean_advantage=+2.366 (33.2s, 1.0s/move)
[11:52:19] step 1358/2000: loss=0.0000 grad_norm=0.000 top_pick_rate=1.00 mean_advantage=+3.038 (32.4s, 1.0s/move)
[11:52:52] step 1359/2000: loss=-0.1471 grad_norm=661.788 top_pick_rate=0.97 mean_advantage=+3.071 (32.6s, 1.0s/move)
[11:53:25] step 1360/2000: loss=0.0000 grad_norm=0.000 top_pick_rate=0.97 mean_advantage=+3.244 (33.1s, 1.0s/move)
[11:53:58] step 1361/2000: loss=0.0000 grad_norm=0.000 top_pick_rate=0.97 mean_advantage=+2.843 (33.3s, 1.0s/move)
[11:54:31] step 1362/2000: loss=0.0000 grad_norm=0.002 top_pick_rate=0.97 mean_advantage=+2.893 (33.1s, 1.0s/move)
[11:55:05] step 1363/2000: loss=0.0000 grad_norm=0.000 top_pick_rate=0.97 mean_advantage=+3.231 (33.7s, 1.1s/move)
[11:55:38] step 1364/2000: loss=-0.0000 grad_norm=0.590 top_pick_rate=0.97 mean_advantage=+2.451 (33.1s, 1.0s/move)
[11:56:11] step 1365/2000: loss=0.0000 grad_norm=0.000 top_pick_rate=0.97 mean_advantage=+2.636 (32.8s, 1.0s/move)
[11:56:44] step 1366/2000: loss=0.0000 grad_norm=0.000 top_pick_rate=0.97 mean_advantage=+3.002 (33.1s, 1.0s/move)
[11:57:17] step 1367/2000: loss=0.0000 grad_norm=0.001 top_pick_rate=0.94 mean_advantage=+3.136 (32.7s, 1.0s/move)
[11:57:50] step 1368/2000: loss=0.0066 grad_norm=88.865 top_pick_rate=0.97 mean_advantage=+2.314 (33.1s, 1.0s/move)
[11:58:23] step 1369/2000: loss=0.0000 grad_norm=0.186 top_pick_rate=0.88 mean_advantage=+3.548 (33.6s, 1.0s/move)
[11:58:57] step 1370/2000: loss=0.0000 grad_norm=0.000 top_pick_rate=0.94 mean_advantage=+3.201 (33.6s, 1.0s/move)
[11:59:31] step 1371/2000: loss=-0.0001 grad_norm=3.630 top_pick_rate=0.91 mean_advantage=+2.605 (33.5s, 1.0s/move)
[12:00:04] step 1372/2000: loss=0.0000 grad_norm=0.000 top_pick_rate=1.00 mean_advantage=+3.173 (33.1s, 1.0s/move)
[12:00:37] step 1373/2000: loss=0.0000 grad_norm=0.200 top_pick_rate=0.88 mean_advantage=+3.012 (33.3s, 1.0s/move)
[12:01:10] step 1374/2000: loss=0.1511 grad_norm=265.257 top_pick_rate=0.94 mean_advantage=+2.895 (33.1s, 1.0s/move)
[12:01:43] step 1375/2000: loss=0.0000 grad_norm=0.000 top_pick_rate=0.91 mean_advantage=+3.068 (33.2s, 1.0s/move)
[12:02:16] step 1376/2000: loss=0.0004 grad_norm=4.640 top_pick_rate=0.97 mean_advantage=+2.974 (33.2s, 1.0s/move)
[12:02:49] step 1377/2000: loss=0.0004 grad_norm=4.421 top_pick_rate=0.94 mean_advantage=+3.469 (32.9s, 1.0s/move)
[12:03:23] step 1378/2000: loss=0.0000 grad_norm=0.000 top_pick_rate=1.00 mean_advantage=+2.796 (33.1s, 1.0s/move)
[12:03:56] step 1379/2000: loss=0.0000 grad_norm=0.000 top_pick_rate=0.94 mean_advantage=+2.909 (33.1s, 1.0s/move)
[12:04:29] step 1380/2000: loss=0.0000 grad_norm=0.000 top_pick_rate=0.91 mean_advantage=+2.825 (33.4s, 1.0s/move)
[12:05:02] step 1381/2000: loss=0.0000 grad_norm=0.000 top_pick_rate=0.97 mean_advantage=+3.019 (33.4s, 1.0s/move)
[12:05:35] step 1382/2000: loss=0.0000 grad_norm=0.000 top_pick_rate=0.94 mean_advantage=+2.835 (32.9s, 1.0s/move)
[12:06:09] step 1383/2000: loss=0.0120 grad_norm=194.599 top_pick_rate=0.91 mean_advantage=+2.935 (33.3s, 1.0s/move)
[12:06:42] step 1384/2000: loss=0.0000 grad_norm=0.000 top_pick_rate=0.81 mean_advantage=+2.826 (33.1s, 1.0s/move)
[12:07:14] step 1385/2000: loss=0.0021 grad_norm=53.544 top_pick_rate=0.88 mean_advantage=+2.766 (32.2s, 1.0s/move)
[12:07:46] step 1386/2000: loss=0.0000 grad_norm=0.000 top_pick_rate=0.81 mean_advantage=+3.220 (32.6s, 1.0s/move)
[12:08:20] step 1387/2000: loss=0.0000 grad_norm=0.000 top_pick_rate=0.94 mean_advantage=+3.329 (33.6s, 1.1s/move)
[12:08:53] step 1388/2000: loss=0.0000 grad_norm=0.000 top_pick_rate=0.81 mean_advantage=+2.599 (32.8s, 1.0s/move)
[12:09:25] step 1389/2000: loss=0.0000 grad_norm=0.000 top_pick_rate=0.91 mean_advantage=+3.266 (32.4s, 1.0s/move)
[12:09:58] step 1390/2000: loss=0.0000 grad_norm=0.000 top_pick_rate=0.84 mean_advantage=+3.007 (32.6s, 1.0s/move)
[12:10:31] step 1391/2000: loss=0.0000 grad_norm=0.000 top_pick_rate=0.91 mean_advantage=+3.192 (33.1s, 1.0s/move)
[12:11:04] step 1392/2000: loss=0.0000 grad_norm=0.000 top_pick_rate=0.81 mean_advantage=+3.596 (32.8s, 1.0s/move)
[12:11:36] step 1393/2000: loss=0.0000 grad_norm=0.000 top_pick_rate=0.84 mean_advantage=+3.463 (32.7s, 1.0s/move)
[12:12:09] step 1394/2000: loss=0.0000 grad_norm=0.000 top_pick_rate=0.88 mean_advantage=+2.940 (32.2s, 1.0s/move)
[12:12:41] step 1395/2000: loss=0.0000 grad_norm=0.000 top_pick_rate=0.88 mean_advantage=+2.931 (32.5s, 1.0s/move)
[12:13:14] step 1396/2000: loss=0.0000 grad_norm=0.000 top_pick_rate=0.75 mean_advantage=+3.971 (32.8s, 1.0s/move)
[12:13:47] step 1397/2000: loss=0.0000 grad_norm=0.000 top_pick_rate=0.91 mean_advantage=+3.523 (32.6s, 1.0s/move)
[12:14:19] step 1398/2000: loss=0.0000 grad_norm=0.000 top_pick_rate=0.94 mean_advantage=+2.764 (32.6s, 1.0s/move)
[12:14:53] step 1399/2000: loss=0.0000 grad_norm=0.000 top_pick_rate=0.88 mean_advantage=+3.151 (33.4s, 1.0s/move)
[12:15:26] step 1400/2000: loss=0.0000 grad_norm=0.000 top_pick_rate=0.78 mean_advantage=+2.948 (33.0s, 1.0s/move)
[12:21:16]   eval @ step 1400: mean_score=17540 mean_lines=157.60 max_score=18100 (350s for 5 games)
[12:21:22] saved checkpoint: /vol/bennylin-solar/New/PACT/RL/runs/tetris-rl/step-1400 (and latest/)
[12:21:54] step 1401/2000: loss=0.0321 grad_norm=9.979 top_pick_rate=0.84 mean_advantage=+3.394 (32.2s, 1.0s/move)
[12:22:26] step 1402/2000: loss=0.0000 grad_norm=0.000 top_pick_rate=0.84 mean_advantage=+2.696 (32.6s, 1.0s/move)
[12:22:59] step 1403/2000: loss=0.0000 grad_norm=0.000 top_pick_rate=0.84 mean_advantage=+3.338 (32.5s, 1.0s/move)
[12:23:32] step 1404/2000: loss=0.0000 grad_norm=0.000 top_pick_rate=0.94 mean_advantage=+2.914 (32.6s, 1.0s/move)
[12:24:05] step 1405/2000: loss=0.0000 grad_norm=0.001 top_pick_rate=0.81 mean_advantage=+3.676 (33.1s, 1.0s/move)
[12:24:37] step 1406/2000: loss=0.0000 grad_norm=0.006 top_pick_rate=0.84 mean_advantage=+2.454 (32.7s, 1.0s/move)
[12:25:10] step 1407/2000: loss=0.0000 grad_norm=0.010 top_pick_rate=0.75 mean_advantage=+3.137 (32.2s, 1.0s/move)
[12:25:43] step 1408/2000: loss=0.0000 grad_norm=0.649 top_pick_rate=0.91 mean_advantage=+3.632 (33.1s, 1.0s/move)
[12:26:16] step 1409/2000: loss=0.0009 grad_norm=3.443 top_pick_rate=0.88 mean_advantage=+3.389 (32.9s, 1.0s/move)
[12:26:48] step 1410/2000: loss=0.0000 grad_norm=0.000 top_pick_rate=0.91 mean_advantage=+2.822 (32.2s, 1.0s/move)
[12:27:20] step 1411/2000: loss=0.0202 grad_norm=150.653 top_pick_rate=0.88 mean_advantage=+2.653 (32.6s, 1.0s/move)
[12:27:54] step 1412/2000: loss=0.0000 grad_norm=0.000 top_pick_rate=0.84 mean_advantage=+3.390 (33.2s, 1.0s/move)
[12:28:27] step 1413/2000: loss=0.0000 grad_norm=0.000 top_pick_rate=0.91 mean_advantage=+2.792 (33.1s, 1.0s/move)
[12:28:59] step 1414/2000: loss=0.0000 grad_norm=0.000 top_pick_rate=0.88 mean_advantage=+3.461 (32.8s, 1.0s/move)
[12:29:32] step 1415/2000: loss=0.0000 grad_norm=0.000 top_pick_rate=0.84 mean_advantage=+3.503 (32.6s, 1.0s/move)
[12:30:05] step 1416/2000: loss=0.0000 grad_norm=0.000 top_pick_rate=0.88 mean_advantage=+2.624 (32.5s, 1.0s/move)
[12:30:37] step 1417/2000: loss=0.0000 grad_norm=0.000 top_pick_rate=0.91 mean_advantage=+2.541 (32.4s, 1.0s/move)
[12:31:10] step 1418/2000: loss=0.0000 grad_norm=0.000 top_pick_rate=0.84 mean_advantage=+3.404 (32.7s, 1.0s/move)
[12:31:42] step 1419/2000: loss=0.0000 grad_norm=0.000 top_pick_rate=0.94 mean_advantage=+2.424 (32.6s, 1.0s/move)
[12:32:15] step 1420/2000: loss=0.0000 grad_norm=0.030 top_pick_rate=0.88 mean_advantage=+2.914 (32.6s, 1.0s/move)
[12:32:48] step 1421/2000: loss=0.0000 grad_norm=0.000 top_pick_rate=0.94 mean_advantage=+3.122 (33.4s, 1.0s/move)
[12:33:21] step 1422/2000: loss=0.0000 grad_norm=0.000 top_pick_rate=0.81 mean_advantage=+2.869 (32.6s, 1.0s/move)
[12:33:54] step 1423/2000: loss=0.0000 grad_norm=0.000 top_pick_rate=0.91 mean_advantage=+3.250 (33.3s, 1.0s/move)
[12:34:26] step 1424/2000: loss=0.0000 grad_norm=0.000 top_pick_rate=0.84 mean_advantage=+3.044 (32.1s, 1.0s/move)
[12:34:59] step 1425/2000: loss=0.0000 grad_norm=0.000 top_pick_rate=0.84 mean_advantage=+2.492 (32.5s, 1.0s/move)
[12:35:31] step 1426/2000: loss=0.0000 grad_norm=0.117 top_pick_rate=0.94 mean_advantage=+2.700 (32.2s, 1.0s/move)
[12:36:04] step 1427/2000: loss=0.0000 grad_norm=0.000 top_pick_rate=0.84 mean_advantage=+3.507 (32.5s, 1.0s/move)
[12:36:36] step 1428/2000: loss=0.0000 grad_norm=0.523 top_pick_rate=0.88 mean_advantage=+3.283 (32.4s, 1.0s/move)
[12:37:08] step 1429/2000: loss=0.0000 grad_norm=0.000 top_pick_rate=0.84 mean_advantage=+3.049 (32.1s, 1.0s/move)
[12:37:41] step 1430/2000: loss=0.0000 grad_norm=0.002 top_pick_rate=0.94 mean_advantage=+2.641 (33.0s, 1.0s/move)
[12:38:14] step 1431/2000: loss=0.0000 grad_norm=0.000 top_pick_rate=0.97 mean_advantage=+2.872 (33.3s, 1.0s/move)
[12:38:48] step 1432/2000: loss=0.0000 grad_norm=0.000 top_pick_rate=0.97 mean_advantage=+3.051 (33.4s, 1.0s/move)
[12:39:21] step 1433/2000: loss=0.0000 grad_norm=0.000 top_pick_rate=0.97 mean_advantage=+3.042 (33.2s, 1.0s/move)
[12:39:54] step 1434/2000: loss=0.0000 grad_norm=0.000 top_pick_rate=0.94 mean_advantage=+2.962 (33.3s, 1.0s/move)
[12:40:27] step 1435/2000: loss=0.0000 grad_norm=0.000 top_pick_rate=0.94 mean_advantage=+2.626 (33.1s, 1.0s/move)
[12:41:00] step 1436/2000: loss=0.0000 grad_norm=0.000 top_pick_rate=0.88 mean_advantage=+3.327 (33.1s, 1.0s/move)
[12:41:33] step 1437/2000: loss=0.0000 grad_norm=0.000 top_pick_rate=1.00 mean_advantage=+2.683 (32.6s, 1.0s/move)
[12:42:06] step 1438/2000: loss=0.0000 grad_norm=0.000 top_pick_rate=0.97 mean_advantage=+2.694 (32.8s, 1.0s/move)
[12:42:39] step 1439/2000: loss=0.0000 grad_norm=0.000 top_pick_rate=0.91 mean_advantage=+3.059 (33.0s, 1.0s/move)
[12:43:12] step 1440/2000: loss=0.0000 grad_norm=0.000 top_pick_rate=0.97 mean_advantage=+2.308 (33.3s, 1.0s/move)
[12:43:45] step 1441/2000: loss=0.0000 grad_norm=0.000 top_pick_rate=0.94 mean_advantage=+3.256 (33.2s, 1.0s/move)
[12:44:18] step 1442/2000: loss=0.0000 grad_norm=0.000 top_pick_rate=0.94 mean_advantage=+2.480 (33.0s, 1.0s/move)
[12:44:52] step 1443/2000: loss=0.0000 grad_norm=0.000 top_pick_rate=0.94 mean_advantage=+3.183 (33.2s, 1.0s/move)
[12:45:24] step 1444/2000: loss=0.0000 grad_norm=0.000 top_pick_rate=0.88 mean_advantage=+3.529 (32.7s, 1.0s/move)
[12:45:57] step 1445/2000: loss=0.0002 grad_norm=5.364 top_pick_rate=0.91 mean_advantage=+2.598 (33.1s, 1.0s/move)
[12:46:31] step 1446/2000: loss=0.0000 grad_norm=0.004 top_pick_rate=0.94 mean_advantage=+3.312 (33.4s, 1.0s/move)
[12:47:04] step 1447/2000: loss=0.0000 grad_norm=0.000 top_pick_rate=0.94 mean_advantage=+2.744 (32.8s, 1.0s/move)
[12:47:36] step 1448/2000: loss=0.0000 grad_norm=0.000 top_pick_rate=0.94 mean_advantage=+3.507 (32.5s, 1.0s/move)
[12:48:09] step 1449/2000: loss=0.0000 grad_norm=0.000 top_pick_rate=1.00 mean_advantage=+3.106 (32.6s, 1.0s/move)
[12:48:41] step 1450/2000: loss=0.0000 grad_norm=0.000 top_pick_rate=0.97 mean_advantage=+3.237 (32.6s, 1.0s/move)
[12:54:32]   eval @ step 1450: mean_score=17260 mean_lines=158.20 max_score=17700 (350s for 5 games)
[12:54:37] saved checkpoint: /vol/bennylin-solar/New/PACT/RL/runs/tetris-rl/step-1450 (and latest/)
[12:55:11] step 1451/2000: loss=0.0000 grad_norm=0.000 top_pick_rate=0.97 mean_advantage=+2.964 (33.7s, 1.1s/move)
[12:55:44] step 1452/2000: loss=0.0000 grad_norm=0.000 top_pick_rate=0.94 mean_advantage=+2.998 (33.1s, 1.0s/move)
[12:56:16] step 1453/2000: loss=0.0000 grad_norm=0.000 top_pick_rate=1.00 mean_advantage=+3.459 (32.3s, 1.0s/move)
[12:56:49] step 1454/2000: loss=0.0000 grad_norm=0.000 top_pick_rate=0.97 mean_advantage=+2.583 (32.5s, 1.0s/move)
[12:57:21] step 1455/2000: loss=0.0000 grad_norm=0.000 top_pick_rate=1.00 mean_advantage=+3.127 (32.6s, 1.0s/move)
[12:57:54] step 1456/2000: loss=0.0000 grad_norm=0.000 top_pick_rate=1.00 mean_advantage=+3.721 (32.2s, 1.0s/move)
[12:58:26] step 1457/2000: loss=0.0000 grad_norm=0.000 top_pick_rate=0.97 mean_advantage=+2.774 (32.7s, 1.0s/move)
[12:58:59] step 1458/2000: loss=0.0000 grad_norm=0.000 top_pick_rate=0.97 mean_advantage=+3.498 (32.7s, 1.0s/move)
[12:59:31] step 1459/2000: loss=0.0000 grad_norm=0.000 top_pick_rate=1.00 mean_advantage=+2.770 (32.3s, 1.0s/move)
[13:00:04] step 1460/2000: loss=0.0000 grad_norm=0.000 top_pick_rate=0.97 mean_advantage=+2.802 (32.6s, 1.0s/move)
[13:00:36] step 1461/2000: loss=0.0000 grad_norm=0.000 top_pick_rate=1.00 mean_advantage=+3.156 (32.3s, 1.0s/move)
[13:01:09] step 1462/2000: loss=0.0000 grad_norm=0.000 top_pick_rate=1.00 mean_advantage=+2.418 (32.5s, 1.0s/move)
[13:01:41] step 1463/2000: loss=0.0000 grad_norm=0.000 top_pick_rate=1.00 mean_advantage=+2.742 (32.6s, 1.0s/move)
[13:02:14] step 1464/2000: loss=0.0000 grad_norm=0.000 top_pick_rate=1.00 mean_advantage=+3.565 (32.6s, 1.0s/move)
[13:02:47] step 1465/2000: loss=0.0000 grad_norm=0.000 top_pick_rate=0.97 mean_advantage=+3.489 (32.6s, 1.0s/move)
[13:03:19] step 1466/2000: loss=0.0057 grad_norm=41.045 top_pick_rate=0.94 mean_advantage=+3.159 (32.3s, 1.0s/move)
[13:03:51] step 1467/2000: loss=0.0000 grad_norm=0.000 top_pick_rate=0.97 mean_advantage=+2.044 (32.4s, 1.0s/move)
[13:04:24] step 1468/2000: loss=0.0000 grad_norm=0.000 top_pick_rate=0.97 mean_advantage=+3.732 (32.7s, 1.0s/move)
[13:04:56] step 1469/2000: loss=0.0000 grad_norm=0.000 top_pick_rate=1.00 mean_advantage=+2.684 (32.3s, 1.0s/move)
[13:05:29] step 1470/2000: loss=0.0000 grad_norm=0.000 top_pick_rate=1.00 mean_advantage=+2.797 (32.9s, 1.0s/move)
[13:06:02] step 1471/2000: loss=0.0000 grad_norm=0.000 top_pick_rate=0.97 mean_advantage=+3.234 (33.1s, 1.0s/move)
[13:06:35] step 1472/2000: loss=0.0000 grad_norm=0.000 top_pick_rate=0.97 mean_advantage=+2.914 (32.4s, 1.0s/move)
[13:07:07] step 1473/2000: loss=0.0000 grad_norm=0.000 top_pick_rate=0.97 mean_advantage=+3.078 (32.5s, 1.0s/move)
[13:07:40] step 1474/2000: loss=0.0000 grad_norm=0.000 top_pick_rate=0.97 mean_advantage=+3.298 (32.4s, 1.0s/move)
[13:08:12] step 1475/2000: loss=-0.0000 grad_norm=0.073 top_pick_rate=1.00 mean_advantage=+3.035 (32.2s, 1.0s/move)
[13:08:44] step 1476/2000: loss=0.0000 grad_norm=0.000 top_pick_rate=0.97 mean_advantage=+2.627 (32.6s, 1.0s/move)
[13:09:17] step 1477/2000: loss=0.0000 grad_norm=0.000 top_pick_rate=1.00 mean_advantage=+2.811 (32.5s, 1.0s/move)
[13:09:49] step 1478/2000: loss=0.0000 grad_norm=0.000 top_pick_rate=0.97 mean_advantage=+2.789 (32.5s, 1.0s/move)
[13:10:22] step 1479/2000: loss=0.0000 grad_norm=0.000 top_pick_rate=1.00 mean_advantage=+3.342 (32.4s, 1.0s/move)
[13:10:54] step 1480/2000: loss=0.0000 grad_norm=0.000 top_pick_rate=0.97 mean_advantage=+3.118 (32.6s, 1.0s/move)
[13:11:27] step 1481/2000: loss=0.0000 grad_norm=0.000 top_pick_rate=0.97 mean_advantage=+2.991 (32.8s, 1.0s/move)
[13:12:00] step 1482/2000: loss=0.0000 grad_norm=0.000 top_pick_rate=1.00 mean_advantage=+2.952 (32.6s, 1.0s/move)
[13:12:32] step 1483/2000: loss=0.0000 grad_norm=0.000 top_pick_rate=1.00 mean_advantage=+2.532 (32.6s, 1.0s/move)
[13:13:05] step 1484/2000: loss=0.0000 grad_norm=0.000 top_pick_rate=0.94 mean_advantage=+3.774 (32.5s, 1.0s/move)
[13:13:37] step 1485/2000: loss=0.0000 grad_norm=0.000 top_pick_rate=0.97 mean_advantage=+3.041 (32.3s, 1.0s/move)
[13:14:10] step 1486/2000: loss=0.0000 grad_norm=0.000 top_pick_rate=1.00 mean_advantage=+2.790 (32.5s, 1.0s/move)
[13:14:42] step 1487/2000: loss=0.0000 grad_norm=0.000 top_pick_rate=0.94 mean_advantage=+3.120 (32.6s, 1.0s/move)
[13:15:15] step 1488/2000: loss=0.0000 grad_norm=0.000 top_pick_rate=0.94 mean_advantage=+3.032 (32.4s, 1.0s/move)
[13:15:48] step 1489/2000: loss=0.0000 grad_norm=0.000 top_pick_rate=0.94 mean_advantage=+4.336 (33.0s, 1.0s/move)
[13:16:21] step 1490/2000: loss=0.0000 grad_norm=0.000 top_pick_rate=0.94 mean_advantage=+3.145 (33.4s, 1.0s/move)
[13:16:54] step 1491/2000: loss=0.0000 grad_norm=0.000 top_pick_rate=0.97 mean_advantage=+3.183 (33.1s, 1.0s/move)
[13:17:27] step 1492/2000: loss=0.0000 grad_norm=0.001 top_pick_rate=0.94 mean_advantage=+3.084 (32.3s, 1.0s/move)
[13:18:00] step 1493/2000: loss=0.0000 grad_norm=0.000 top_pick_rate=1.00 mean_advantage=+3.109 (33.3s, 1.0s/move)
[13:18:34] step 1494/2000: loss=0.0000 grad_norm=0.000 top_pick_rate=0.97 mean_advantage=+2.447 (33.7s, 1.1s/move)
[13:19:06] step 1495/2000: loss=0.0000 grad_norm=0.001 top_pick_rate=0.97 mean_advantage=+3.493 (32.9s, 1.0s/move)
[13:19:40] step 1496/2000: loss=0.0000 grad_norm=0.000 top_pick_rate=0.94 mean_advantage=+3.019 (33.1s, 1.0s/move)
[13:20:13] step 1497/2000: loss=0.0000 grad_norm=0.000 top_pick_rate=1.00 mean_advantage=+3.349 (33.2s, 1.0s/move)
[13:20:46] step 1498/2000: loss=0.0000 grad_norm=0.000 top_pick_rate=0.97 mean_advantage=+2.662 (33.1s, 1.0s/move)
[13:21:19] step 1499/2000: loss=0.0000 grad_norm=0.000 top_pick_rate=0.97 mean_advantage=+2.727 (33.2s, 1.0s/move)
[13:21:52] step 1500/2000: loss=0.0000 grad_norm=0.000 top_pick_rate=0.97 mean_advantage=+2.771 (32.9s, 1.0s/move)
[13:27:42]   eval @ step 1500: mean_score=17280 mean_lines=157.80 max_score=17700 (350s for 5 games)
[13:27:48] saved checkpoint: /vol/bennylin-solar/New/PACT/RL/runs/tetris-rl/step-1500 (and latest/)
[13:28:21] step 1501/2000: loss=0.0000 grad_norm=0.000 top_pick_rate=0.94 mean_advantage=+2.325 (33.3s, 1.0s/move)
[13:28:55] step 1502/2000: loss=0.0000 grad_norm=0.000 top_pick_rate=1.00 mean_advantage=+3.079 (33.7s, 1.1s/move)
[13:29:28] step 1503/2000: loss=0.0000 grad_norm=0.000 top_pick_rate=1.00 mean_advantage=+2.887 (32.9s, 1.0s/move)
[13:30:00] step 1504/2000: loss=0.0091 grad_norm=91.522 top_pick_rate=0.94 mean_advantage=+2.886 (32.8s, 1.0s/move)
[13:30:33] step 1505/2000: loss=0.0000 grad_norm=0.000 top_pick_rate=0.97 mean_advantage=+2.947 (32.4s, 1.0s/move)
[13:31:05] step 1506/2000: loss=0.0000 grad_norm=0.000 top_pick_rate=1.00 mean_advantage=+3.026 (32.5s, 1.0s/move)
[13:31:38] step 1507/2000: loss=0.0000 grad_norm=0.000 top_pick_rate=1.00 mean_advantage=+3.389 (32.5s, 1.0s/move)
[13:32:10] step 1508/2000: loss=0.0000 grad_norm=0.000 top_pick_rate=0.97 mean_advantage=+2.687 (32.5s, 1.0s/move)
[13:32:42] step 1509/2000: loss=0.0000 grad_norm=0.000 top_pick_rate=1.00 mean_advantage=+3.012 (32.2s, 1.0s/move)
[13:33:16] step 1510/2000: loss=0.0000 grad_norm=0.000 top_pick_rate=1.00 mean_advantage=+2.737 (33.1s, 1.0s/move)
[13:33:49] step 1511/2000: loss=0.0000 grad_norm=0.000 top_pick_rate=0.97 mean_advantage=+2.790 (33.0s, 1.0s/move)
[13:34:22] step 1512/2000: loss=0.0000 grad_norm=0.000 top_pick_rate=1.00 mean_advantage=+3.264 (33.4s, 1.0s/move)
[13:34:55] step 1513/2000: loss=0.0000 grad_norm=0.000 top_pick_rate=1.00 mean_advantage=+3.112 (33.1s, 1.0s/move)
[13:35:28] step 1514/2000: loss=0.0000 grad_norm=0.000 top_pick_rate=1.00 mean_advantage=+3.042 (32.4s, 1.0s/move)
[13:36:00] step 1515/2000: loss=0.0000 grad_norm=0.000 top_pick_rate=0.97 mean_advantage=+3.456 (32.5s, 1.0s/move)
[13:36:33] step 1516/2000: loss=0.0000 grad_norm=0.000 top_pick_rate=0.97 mean_advantage=+3.016 (32.6s, 1.0s/move)
[13:37:05] step 1517/2000: loss=0.0000 grad_norm=0.000 top_pick_rate=1.00 mean_advantage=+2.723 (32.8s, 1.0s/move)
[13:37:39] step 1518/2000: loss=0.0000 grad_norm=0.000 top_pick_rate=1.00 mean_advantage=+2.713 (33.3s, 1.0s/move)
[13:38:12] step 1519/2000: loss=0.0000 grad_norm=0.000 top_pick_rate=1.00 mean_advantage=+3.178 (33.1s, 1.0s/move)
[13:38:45] step 1520/2000: loss=0.0000 grad_norm=0.000 top_pick_rate=1.00 mean_advantage=+2.679 (33.2s, 1.0s/move)
[13:39:18] step 1521/2000: loss=0.0000 grad_norm=0.000 top_pick_rate=1.00 mean_advantage=+2.372 (33.0s, 1.0s/move)
[13:39:51] step 1522/2000: loss=0.0000 grad_norm=0.000 top_pick_rate=1.00 mean_advantage=+2.883 (33.4s, 1.0s/move)
[13:40:25] step 1523/2000: loss=0.0000 grad_norm=0.000 top_pick_rate=1.00 mean_advantage=+3.871 (33.2s, 1.0s/move)
[13:40:58] step 1524/2000: loss=0.0000 grad_norm=0.000 top_pick_rate=0.97 mean_advantage=+3.070 (33.1s, 1.0s/move)
[13:41:31] step 1525/2000: loss=0.0000 grad_norm=0.000 top_pick_rate=0.97 mean_advantage=+3.198 (33.3s, 1.0s/move)
[13:42:04] step 1526/2000: loss=0.0000 grad_norm=0.000 top_pick_rate=0.97 mean_advantage=+2.950 (33.1s, 1.0s/move)
[13:42:37] step 1527/2000: loss=0.0000 grad_norm=0.000 top_pick_rate=1.00 mean_advantage=+2.955 (33.3s, 1.0s/move)
[13:43:11] step 1528/2000: loss=0.0000 grad_norm=0.000 top_pick_rate=1.00 mean_advantage=+3.217 (33.2s, 1.0s/move)
[13:43:44] step 1529/2000: loss=0.0000 grad_norm=0.000 top_pick_rate=1.00 mean_advantage=+3.168 (33.0s, 1.0s/move)
[13:44:17] step 1530/2000: loss=0.0000 grad_norm=0.000 top_pick_rate=1.00 mean_advantage=+2.632 (33.4s, 1.0s/move)
[13:44:50] step 1531/2000: loss=0.0000 grad_norm=0.000 top_pick_rate=1.00 mean_advantage=+3.309 (33.1s, 1.0s/move)
[13:45:23] step 1532/2000: loss=0.0000 grad_norm=0.000 top_pick_rate=1.00 mean_advantage=+3.427 (33.0s, 1.0s/move)
[13:45:56] step 1533/2000: loss=0.0000 grad_norm=0.000 top_pick_rate=0.97 mean_advantage=+2.793 (33.1s, 1.0s/move)
[13:46:29] step 1534/2000: loss=0.0000 grad_norm=0.000 top_pick_rate=1.00 mean_advantage=+3.433 (32.5s, 1.0s/move)
[13:47:01] step 1535/2000: loss=0.0000 grad_norm=0.000 top_pick_rate=1.00 mean_advantage=+2.658 (32.5s, 1.0s/move)
[13:47:34] step 1536/2000: loss=0.0000 grad_norm=0.000 top_pick_rate=0.97 mean_advantage=+2.761 (33.0s, 1.0s/move)
[13:48:08] step 1537/2000: loss=0.0000 grad_norm=0.000 top_pick_rate=1.00 mean_advantage=+3.030 (33.3s, 1.0s/move)
[13:48:41] step 1538/2000: loss=0.0000 grad_norm=0.000 top_pick_rate=0.94 mean_advantage=+3.080 (33.2s, 1.0s/move)
[13:49:13] step 1539/2000: loss=0.0000 grad_norm=0.000 top_pick_rate=1.00 mean_advantage=+3.164 (32.6s, 1.0s/move)
[13:49:47] step 1540/2000: loss=0.0000 grad_norm=0.000 top_pick_rate=1.00 mean_advantage=+3.306 (33.3s, 1.0s/move)
[13:50:20] step 1541/2000: loss=0.0000 grad_norm=0.000 top_pick_rate=1.00 mean_advantage=+3.461 (33.4s, 1.0s/move)
[13:50:53] step 1542/2000: loss=0.0000 grad_norm=0.000 top_pick_rate=0.97 mean_advantage=+2.888 (32.9s, 1.0s/move)
[13:51:26] step 1543/2000: loss=0.0000 grad_norm=0.000 top_pick_rate=0.94 mean_advantage=+2.972 (33.3s, 1.0s/move)
[13:51:59] step 1544/2000: loss=0.0000 grad_norm=0.000 top_pick_rate=0.97 mean_advantage=+2.081 (33.0s, 1.0s/move)
[13:52:33] step 1545/2000: loss=0.0000 grad_norm=0.000 top_pick_rate=1.00 mean_advantage=+2.345 (33.2s, 1.0s/move)
[13:53:06] step 1546/2000: loss=0.0000 grad_norm=0.000 top_pick_rate=0.97 mean_advantage=+2.542 (33.4s, 1.0s/move)
[13:53:39] step 1547/2000: loss=0.0000 grad_norm=0.000 top_pick_rate=1.00 mean_advantage=+2.464 (33.0s, 1.0s/move)
[13:54:12] step 1548/2000: loss=0.0000 grad_norm=0.000 top_pick_rate=0.97 mean_advantage=+3.090 (33.3s, 1.0s/move)
[13:54:46] step 1549/2000: loss=0.0000 grad_norm=0.000 top_pick_rate=1.00 mean_advantage=+2.148 (33.3s, 1.0s/move)
[13:55:19] step 1550/2000: loss=0.0000 grad_norm=0.000 top_pick_rate=1.00 mean_advantage=+2.881 (33.1s, 1.0s/move)
[14:01:09]   eval @ step 1550: mean_score=17340 mean_lines=158.60 max_score=17600 (350s for 5 games)
[14:01:14] saved checkpoint: /vol/bennylin-solar/New/PACT/RL/runs/tetris-rl/step-1550 (and latest/)
[14:01:48] step 1551/2000: loss=0.0000 grad_norm=0.000 top_pick_rate=0.97 mean_advantage=+2.887 (33.4s, 1.0s/move)
[14:02:21] step 1552/2000: loss=0.0000 grad_norm=0.000 top_pick_rate=1.00 mean_advantage=+2.942 (33.0s, 1.0s/move)
[14:02:54] step 1553/2000: loss=0.0000 grad_norm=0.000 top_pick_rate=1.00 mean_advantage=+3.355 (33.4s, 1.0s/move)
[14:03:27] step 1554/2000: loss=0.0000 grad_norm=0.000 top_pick_rate=1.00 mean_advantage=+3.903 (33.3s, 1.0s/move)
[14:04:01] step 1555/2000: loss=0.0000 grad_norm=0.000 top_pick_rate=1.00 mean_advantage=+2.578 (33.1s, 1.0s/move)
[14:04:34] step 1556/2000: loss=0.0000 grad_norm=0.000 top_pick_rate=1.00 mean_advantage=+1.977 (33.6s, 1.0s/move)
[14:05:08] step 1557/2000: loss=0.0000 grad_norm=0.000 top_pick_rate=0.94 mean_advantage=+2.918 (33.4s, 1.0s/move)
[14:05:41] step 1558/2000: loss=0.0000 grad_norm=0.000 top_pick_rate=1.00 mean_advantage=+2.673 (33.1s, 1.0s/move)
[14:06:14] step 1559/2000: loss=0.0000 grad_norm=0.000 top_pick_rate=1.00 mean_advantage=+2.150 (33.5s, 1.0s/move)
[14:06:48] step 1560/2000: loss=0.0000 grad_norm=0.000 top_pick_rate=0.94 mean_advantage=+3.116 (33.7s, 1.1s/move)
[14:07:21] step 1561/2000: loss=0.0000 grad_norm=0.000 top_pick_rate=1.00 mean_advantage=+2.894 (33.6s, 1.0s/move)
[14:07:55] step 1562/2000: loss=0.0000 grad_norm=0.000 top_pick_rate=1.00 mean_advantage=+2.836 (33.3s, 1.0s/move)
[14:08:28] step 1563/2000: loss=0.0000 grad_norm=0.000 top_pick_rate=1.00 mean_advantage=+2.834 (33.5s, 1.0s/move)
[14:09:02] step 1564/2000: loss=0.0000 grad_norm=0.000 top_pick_rate=1.00 mean_advantage=+2.771 (33.6s, 1.1s/move)
[14:09:34] step 1565/2000: loss=0.0000 grad_norm=0.000 top_pick_rate=1.00 mean_advantage=+3.168 (32.5s, 1.0s/move)
[14:10:07] step 1566/2000: loss=0.0000 grad_norm=0.000 top_pick_rate=0.97 mean_advantage=+3.202 (32.4s, 1.0s/move)
[14:10:40] step 1567/2000: loss=0.0000 grad_norm=0.000 top_pick_rate=1.00 mean_advantage=+2.919 (33.1s, 1.0s/move)
[14:11:13] step 1568/2000: loss=0.0000 grad_norm=0.000 top_pick_rate=1.00 mean_advantage=+2.715 (33.7s, 1.1s/move)
[14:11:47] step 1569/2000: loss=0.0000 grad_norm=0.000 top_pick_rate=1.00 mean_advantage=+2.786 (33.2s, 1.0s/move)
[14:12:20] step 1570/2000: loss=0.0000 grad_norm=0.000 top_pick_rate=0.97 mean_advantage=+3.159 (33.5s, 1.0s/move)
